timestamp,state_fips,f_sys,mode,is_mountain_state,total_chunks,sample_chunks,v_rmse_ceiling,h_rmse_ceiling,maxv_ceiling,maxh_ceiling,n_evaluated,n_passing,passing_factors,rmse_rise,early_exit_factor,selection_method,selected_factor,peak_elbow_distance,elbow_distance_profile,v_rmse_at_baseline,h_rmse_at_baseline,maxv_at_baseline,maxh_at_baseline,curvevar_at_baseline,v_rmse_at_selected,h_rmse_at_selected,maxv_at_selected,maxh_at_selected,curvevar_at_selected,std_v_rmse_at_selected,std_h_rmse_at_selected,last_passing_factor,v_rmse_at_last_passing,h_rmse_at_last_passing,maxv_at_last_passing,maxh_at_last_passing,national_default_factor,deviation_from_default,ceiling_proximity_pct,confidence_score,override_recommended
2026-06-15 08:13:44,02,1,H,True,1076,284,4.0,3.5,43.0,15.0,6,3,100|200|400,1.4716,400,elbow,200,0.0659,F100:0.0000  F200:0.0659  F400:0.0000,0.1766,1.6696,1.2323,5.9094,0.0676,0.2216,2.2973,1.4806,8.4071,0.0675,0.256,0.9637,400,0.288,3.1412,1.9245,11.5709,400,0.5,65.6,35,False
2026-06-15 08:13:44,02,1,V,True,1076,284,4.0,3.5,43.0,15.0,15,15,100|200|400|600|800|1000|1200|1400|1600|1800|2000|2500|3000|4000|4500,0.0212,4500,flat_terrain_default,1400,0.0,,0.0065,2.2973,0.0,8.4071,0.0675,0.0161,2.2973,0.0,8.4071,0.0675,0.2702,0.9637,4500,0.0278,2.2973,0.0,8.4071,1400,1.0,0.4,30,True
2026-06-15 08:13:44,02,3,H,True,916,271,3.5,3.8,23.0,22.0,6,3,100|200|400,1.667,400,elbow,200,0.0626,F100:0.0000  F200:0.0626  F400:0.0000,0.1882,1.8666,1.0557,6.5452,0.1035,0.2424,2.5699,1.2966,8.7908,0.1032,0.2703,0.7082,400,0.3216,3.5336,1.7213,11.8925,200,1.0,67.6,35,False
2026-06-15 08:13:44,02,3,V,True,916,271,3.5,3.8,23.0,22.0,15,15,100|200|400|600|800|1000|1200|1400|1600|1800|2000|2500|3000|4000|4500,0.0,4500,flat_terrain_default,1400,0.0,,0.0,2.5762,0.0,8.7908,0.1029,0.0,2.5762,0.0,8.7908,0.1029,0.0,0.7033,4500,0.0,2.5762,0.0,8.7908,1400,1.0,0.0,30,True
2026-06-15 08:13:44,02,4,H,True,574,231,3.5,3.8,20.0,22.0,6,3,100|200|400,1.7569,400,elbow,200,0.0602,F100:0.0000  F200:0.0602  F400:0.0000,0.2286,1.8763,1.6241,6.4833,0.1553,0.2879,2.6114,1.8755,9.0716,0.154,0.2835,0.7097,400,0.3814,3.6333,2.3547,12.3821,200,1.0,68.7,35,False
2026-06-15 08:13:44,02,4,V,True,574,231,3.5,3.8,20.0,22.0,15,15,100|200|400|600|800|1000|1200|1400|1600|1800|2000|2500|3000|4000|4500,0.0,4500,flat_terrain_default,1400,0.0,,0.0,2.6114,0.0,9.0716,0.154,0.0,2.6114,0.0,9.0716,0.154,0.0,0.7097,4500,0.0,2.6114,0.0,9.0716,1400,1.0,0.0,30,True
2026-06-15 08:13:44,02,5,H,True,1440,304,4.0,5.0,23.0,15.0,7,4,100|200|400|600,2.4998,600,elbow,400,0.0691,F100:0.0000  F200:0.0663  F400:0.0691  F600:0.0000,0.2412,1.875,1.6642,6.5415,0.2244,0.3977,3.6191,2.4605,12.1232,0.219,0.383,1.0177,600,0.4756,4.3747,3.0688,14.7266,200,2.0,72.4,38,False
2026-06-15 08:13:44,02,5,V,True,1440,304,4.0,5.0,23.0,15.0,15,15,100|200|400|600|800|1000|1200|1400|1600|1800|2000|2500|3000|4000|4500,0.0,4500,flat_terrain_default,1200,0.0,,0.0,3.6191,0.0,12.1232,0.219,0.0,3.6191,0.0,12.1232,0.219,0.0,1.0177,4500,0.0,3.6191,0.0,12.1232,1200,1.0,0.0,30,True
2026-06-15 08:13:44,02,6,H,True,1155,289,4.0,5.5,23.0,15.0,6,3,100|200|400,1.8328,400,elbow,200,0.0589,F100:0.0000  F200:0.0589  F400:0.0000,0.2418,1.92,1.8908,7.0845,0.3424,0.309,2.6837,2.1615,9.684,0.3349,0.2953,0.5281,400,0.4125,3.7528,2.8269,13.5939,200,1.0,48.8,34,False
2026-06-15 08:13:44,02,6,V,True,1155,289,4.0,5.5,23.0,15.0,15,15,100|200|400|600|800|1000|1200|1400|1600|1800|2000|2500|3000|4000|4500,-0.006,4500,flat_terrain_default,1200,0.0,,0.3061,2.6854,0.0,9.6894,0.3365,0.3065,2.6854,0.0,9.6894,0.3365,5.2017,0.5267,4500,0.3001,2.6854,0.0,9.6894,1200,1.0,7.7,30,True
2026-06-15 08:13:44,02,7,H,True,2595,335,4.0,5.5,23.0,20.0,7,4,100|200|400|600,2.6274,600,elbow,400,0.0653,F100:0.0000  F200:0.0628  F400:0.0653  F600:0.0000,0.747,1.8951,1.9806,8.3333,0.4981,0.4525,3.7142,3.2627,15.0619,0.4594,0.4392,0.9512,600,0.5402,4.5225,3.7255,17.9866,200,2.0,67.5,38,False
2026-06-15 08:13:44,02,7,V,True,2595,335,4.0,5.5,23.0,20.0,15,15,100|200|400|600|800|1000|1200|1400|1600|1800|2000|2500|3000|4000|4500,0.0,4500,flat_terrain_default,1200,0.0,,0.0,3.717,0.0,15.0868,0.458,0.0,3.717,0.0,15.0868,0.458,0.0,0.9474,4500,0.0,3.717,0.0,15.0868,1200,1.0,0.0,30,True
2026-06-15 08:13:44,05,1,H,False,746,254,4.0,3.5,35.0,15.0,8,5,100|200|400|600|800,1.8323,800,elbow,400,0.1121,F100:0.0000  F200:0.0766  F400:0.1121  F600:0.0757  F800:0.0000,0.0774,1.4306,1.0771,5.899,0.0343,0.1169,2.5064,1.3335,10.4541,0.035,0.1228,1.5413,800,0.1442,3.2629,1.462,14.8278,400,1.0,71.6,46,False
2026-06-15 08:13:44,05,1,V,False,746,254,4.0,3.5,35.0,15.0,15,15,100|200|400|600|800|1000|1200|1400|1600|1800|2000|2500|3000|4000|4500,0.0312,4500,flat_terrain_default,1400,0.0,,0.0055,2.5064,0.0,10.4541,0.035,0.0205,2.5064,0.0,10.4541,0.035,0.3254,1.5413,4500,0.0367,2.5064,0.0,10.4541,1400,1.0,0.5,30,True
2026-06-15 08:13:44,05,2,H,False,157,112,4.5,3.5,30.0,15.0,7,4,100|200|400|600,1.4698,600,elbow,400,0.0871,F100:0.0000  F200:0.0850  F400:0.0871  F600:0.0000,0.0687,1.5359,1.0439,5.7433,0.0366,0.1063,2.5988,1.2401,11.6142,0.0368,0.0923,1.4726,600,0.1221,3.0057,1.2519,14.2238,200,2.0,74.3,40,False
2026-06-15 08:13:44,05,2,V,False,157,112,4.5,3.5,30.0,15.0,15,15,100|200|400|600|800|1000|1200|1400|1600|1800|2000|2500|3000|4000|4500,0.0,4500,flat_terrain_default,1400,0.0,,0.0,2.5988,0.0,11.6142,0.0368,0.0,2.5988,0.0,11.6142,0.0368,0.0,1.4726,4500,0.0,2.5988,0.0,11.6142,1400,1.0,0.0,30,True
2026-06-15 08:13:44,05,3,H,False,2376,331,3.5,3.8,15.0,22.0,7,4,100|200|400|600,1.8011,600,elbow,400,0.0736,F100:0.0000  F200:0.0694  F400:0.0736  F600:0.0000,0.0675,1.5713,0.6204,6.5062,0.0782,0.1112,2.8393,0.9336,11.5768,0.0779,0.0869,1.4538,600,0.1341,3.3724,1.1035,13.6398,200,2.0,74.7,39,False
2026-06-15 08:13:44,05,3,V,False,2376,331,3.5,3.8,15.0,22.0,15,15,100|200|400|600|800|1000|1200|1400|1600|1800|2000|2500|3000|4000|4500,0.0,4500,flat_terrain_default,1400,0.0,,0.0,2.8393,0.0,11.5768,0.0779,0.0,2.8393,0.0,11.5768,0.0779,0.0,1.4538,4500,0.0,2.8393,0.0,11.5768,1400,1.0,0.0,30,True
2026-06-15 08:13:44,05,4,H,False,4264,353,3.5,3.8,12.0,22.0,6,3,100|200|400,1.5757,400,elbow,200,0.0623,F100:0.0000  F200:0.0623  F400:0.0000,0.0798,1.7594,0.6876,6.7754,0.1533,0.1038,2.4233,0.8464,9.028,0.1517,0.0593,0.7685,400,0.144,3.3351,1.1306,12.8181,200,1.0,63.8,35,False
2026-06-15 08:13:44,05,4,V,False,4264,353,3.5,3.8,12.0,22.0,15,15,100|200|400|600|800|1000|1200|1400|1600|1800|2000|2500|3000|4000|4500,0.0,4500,flat_terrain_default,1400,0.0,,0.0,2.4233,0.0,9.028,0.1517,0.0,2.4233,0.0,9.028,0.1517,0.0,0.7685,4500,0.0,2.4233,0.0,9.028,1400,1.0,0.0,30,True
2026-06-15 08:13:44,05,5,H,False,11870,373,4.0,5.0,15.0,15.0,6,3,100|200|400,1.6407,400,elbow,200,0.0622,F100:0.0000  F200:0.0622  F400:0.0000,0.086,1.7937,0.7334,7.559,0.2213,0.1158,2.485,1.0062,10.2231,0.2196,0.0622,0.7239,400,0.1643,3.4344,1.3694,14.1337,200,1.0,49.7,35,False
2026-06-15 08:13:44,05,5,V,False,11870,373,4.0,5.0,15.0,15.0,15,15,100|200|400|600|800|1000|1200|1400|1600|1800|2000|2500|3000|4000|4500,0.0,4500,flat_terrain_default,1200,0.0,,0.0,2.485,0.0,10.2231,0.2196,0.0,2.485,0.0,10.2231,0.2196,0.0,0.7239,4500,0.0,2.485,0.0,10.2231,1200,1.0,0.0,30,True
2026-06-15 08:13:44,05,6,H,False,5697,360,4.0,5.5,15.0,15.0,5,2,100|200,0.7023,200,highest_safe,200,0.0,,0.0968,1.8321,0.8668,8.4033,0.3093,0.1327,2.5344,1.2459,11.5332,0.304,0.0878,0.6241,200,0.1327,2.5344,1.2459,11.5332,200,1.0,46.1,20,True
2026-06-15 08:13:44,05,6,V,False,5697,360,4.0,5.5,15.0,15.0,15,15,100|200|400|600|800|1000|1200|1400|1600|1800|2000|2500|3000|4000|4500,0.0,4500,flat_terrain_default,1200,0.0,,0.0,2.5344,0.0,11.5332,0.304,0.0,2.5344,0.0,11.5332,0.304,0.0,0.6241,4500,0.0,2.5344,0.0,11.5332,1200,1.0,0.0,30,True
2026-06-15 08:13:44,05,7,H,False,30962,380,4.0,5.5,15.0,20.0,7,4,100|200|400|600,2.4756,600,elbow,400,0.0696,F100:0.0000  F200:0.0664  F400:0.0696  F600:0.0000,0.1177,1.8592,1.1165,9.0024,0.4782,0.2136,3.5882,2.0504,16.4092,0.4438,0.1518,0.9022,600,0.2665,4.3348,2.5532,19.2737,200,2.0,65.2,38,False
2026-06-15 08:13:44,05,7,V,False,30962,380,4.0,5.5,15.0,20.0,15,15,100|200|400|600|800|1000|1200|1400|1600|1800|2000|2500|3000|4000|4500,0.0,4500,flat_terrain_default,1200,0.0,,0.0,3.5882,0.0,16.4092,0.4438,0.0,3.5882,0.0,16.4092,0.4438,0.0,0.9022,4500,0.0,3.5882,0.0,16.4092,1200,1.0,0.0,30,True
2026-06-15 08:13:44,01,1,H,False,997,278,4.0,3.5,35.0,15.0,8,5,100|200|400|600|800,1.6346,800,elbow,400,0.135,F100:0.0000  F200:0.1001  F400:0.1350  F600:0.0852  F800:0.0000,0.0716,1.5742,0.9888,6.1207,0.0321,0.1001,2.5869,1.1515,10.6813,0.0324,0.0912,1.3006,800,0.1217,3.2087,1.2004,14.0429,400,1.0,73.9,48,False
2026-06-15 08:13:44,01,1,V,False,997,278,4.0,3.5,35.0,15.0,15,15,100|200|400|600|800|1000|1200|1400|1600|1800|2000|2500|3000|4000|4500,-0.0059,4500,flat_terrain_default,1400,0.0,,0.3016,2.5869,0.0,10.6813,0.0324,0.2999,2.5869,0.0,10.6813,0.0324,4.9921,1.3006,4500,0.2957,2.5869,0.0,10.6813,1400,1.0,7.5,30,True
2026-06-15 08:13:44,01,2,H,False,39,36,4.5,3.5,30.0,15.0,6,3,100|200|400,1.4279,400,elbow,200,0.0703,F100:0.0000  F200:0.0703  F400:0.0000,0.1018,1.7419,1.585,7.4877,0.0576,0.1197,2.3598,1.8937,9.2119,0.0579,0.0876,0.6846,400,0.1509,3.1699,2.1706,13.078,200,1.0,67.4,36,False
2026-06-15 08:13:44,01,2,V,False,39,36,4.5,3.5,30.0,15.0,15,15,100|200|400|600|800|1000|1200|1400|1600|1800|2000|2500|3000|4000|4500,0.1915,4500,elbow,1400,0.1295,F100:0.0000  F200:0.0461  F400:0.0942  F600:0.1137  F800:0.1222  F1000:0.1270  F1200:0.1294  F1400:0.1295  F1600:0.1284  F1800:0.1252  F2000:0.1210  F2500:0.1150  F3000:0.0911  F4000:0.0348  F4500:0.0000,2.0575,2.3598,0.0,9.2119,0.0579,2.1491,2.3598,0.0,9.2119,0.0579,11.8564,0.6846,4500,2.249,2.3598,0.0,9.2119,1400,1.0,47.8,45,False
2026-06-15 08:13:44,01,3,H,False,3233,344,3.5,3.8,15.0,22.0,7,4,100|200|400|600,1.9143,600,elbow,400,0.077,F100:0.0000  F200:0.0734  F400:0.0770  F600:0.0000,0.0664,1.6261,0.5671,7.1258,0.0576,0.108,2.9832,0.878,12.3285,0.0545,0.0823,1.4122,600,0.1278,3.5405,1.0013,14.4478,200,2.0,78.5,39,False
2026-06-15 08:13:44,01,3,V,False,3233,344,3.5,3.8,15.0,22.0,15,15,100|200|400|600|800|1000|1200|1400|1600|1800|2000|2500|3000|4000|4500,-0.0027,4500,flat_terrain_default,1400,0.0,,0.3398,2.9832,0.0,12.3285,0.0545,0.339,2.9832,0.0,12.3285,0.0545,6.2783,1.4122,4500,0.3371,2.9832,0.0,12.3285,1400,1.0,9.7,30,True
2026-06-15 08:13:44,01,4,H,False,5920,361,3.5,3.8,12.0,22.0,6,3,100|200|400,1.5455,400,elbow,200,0.0658,F100:0.0000  F200:0.0658  F400:0.0000,0.0868,1.7619,0.7333,7.4405,0.0987,0.1111,2.4209,0.8921,9.4069,0.0971,0.0734,0.8,400,0.1455,3.3074,1.0148,12.443,200,1.0,63.7,35,False
2026-06-15 08:13:44,01,4,V,False,5920,361,3.5,3.8,12.0,22.0,15,15,100|200|400|600|800|1000|1200|1400|1600|1800|2000|2500|3000|4000|4500,-0.0041,4500,flat_terrain_default,1400,0.0,,0.1419,2.4209,0.0,9.4069,0.0971,0.1399,2.4209,0.0,9.4069,0.0971,2.6543,0.8,4500,0.1378,2.4209,0.0,9.4069,1400,1.0,4.0,30,True
2026-06-15 08:13:44,01,5,H,False,14045,374,4.0,5.0,15.0,15.0,6,3,100|200|400,1.8086,400,elbow,200,0.0619,F100:0.0000  F200:0.0619  F400:0.0000,0.1185,1.9282,1.0545,7.9978,0.1724,0.1552,2.6894,1.2007,10.3512,0.1698,0.0981,0.4634,400,0.2134,3.7368,1.5224,13.7032,200,1.0,53.8,35,False
2026-06-15 08:13:44,01,5,V,False,14045,374,4.0,5.0,15.0,15.0,15,15,100|200|400|600|800|1000|1200|1400|1600|1800|2000|2500|3000|4000|4500,0.0,4500,flat_terrain_default,1200,0.0,,0.0,2.6894,0.0,10.3512,0.1698,0.0,2.6894,0.0,10.3512,0.1698,0.0,0.4634,4500,0.0,2.6894,0.0,10.3512,1200,1.0,0.0,30,True
2026-06-15 08:13:44,01,6,H,False,4622,355,4.0,5.5,15.0,15.0,6,3,100|200|400,1.8853,400,elbow,200,0.0607,F100:0.0000  F200:0.0607  F400:0.0000,0.1285,1.9631,1.0556,8.5728,0.2385,0.1704,2.7535,1.4348,11.4043,0.2333,0.0918,0.3335,400,0.2344,3.8484,1.8443,14.5747,200,1.0,50.1,35,False
2026-06-15 08:13:44,01,6,V,False,4622,355,4.0,5.5,15.0,15.0,15,15,100|200|400|600|800|1000|1200|1400|1600|1800|2000|2500|3000|4000|4500,0.0,4500,flat_terrain_default,1200,0.0,,0.0,2.7535,0.0,11.4043,0.2333,0.0,2.7535,0.0,11.4043,0.2333,0.0,0.3335,4500,0.0,2.7535,0.0,11.4043,1200,1.0,0.0,30,True
2026-06-15 08:13:44,01,7,H,False,27856,379,4.0,5.5,15.0,20.0,7,4,100|200|400|600,2.705,600,elbow,400,0.0673,F100:0.0000  F200:0.0651  F400:0.0673  F600:0.0000,0.1483,1.9544,1.5826,9.0026,0.4335,0.2671,3.8348,2.4284,16.0178,0.4017,0.186,0.606,600,0.3321,4.6594,2.8811,19.3674,200,2.0,69.7,38,False
2026-06-15 08:13:44,01,7,V,False,27856,379,4.0,5.5,15.0,20.0,15,15,100|200|400|600|800|1000|1200|1400|1600|1800|2000|2500|3000|4000|4500,0.0,4500,flat_terrain_default,1200,0.0,,0.0,3.8348,0.0,16.0178,0.4017,0.0,3.8348,0.0,16.0178,0.4017,0.0,0.606,4500,0.0,3.8348,0.0,16.0178,1200,1.0,0.0,30,True
2026-06-15 08:13:44,04,1,H,True,1167,290,4.0,3.5,43.0,15.0,10,7,100|200|400|600|800|1000|1200,1.397,1200,elbow,400,0.1365,F100:0.0000  F200:0.0850  F400:0.1365  F600:0.1356  F800:0.1076  F1000:0.0612  F1200:0.0000,0.0537,0.9617,0.4317,5.3608,0.027,0.0806,1.6123,0.6053,9.7599,0.0274,0.1684,1.637,1200,0.1151,2.3587,0.9478,14.7951,400,1.0,46.1,54,False
2026-06-15 08:13:44,04,1,V,True,1167,290,4.0,3.5,43.0,15.0,15,15,100|200|400|600|800|1000|1200|1400|1600|1800|2000|2500|3000|4000|4500,0.0285,4500,flat_terrain_default,1400,0.0,,0.005,1.6123,0.0,9.7599,0.0274,0.0187,1.6123,0.0,9.7599,0.0274,0.3171,1.637,4500,0.0334,1.6123,0.0,9.7599,1400,1.0,0.5,30,True
2026-06-15 08:13:44,04,2,H,True,262,157,4.5,3.5,38.0,15.0,7,4,100|200|400|600,1.7952,600,elbow,400,0.0796,F100:0.0000  F200:0.0764  F400:0.0796  F600:0.0000,0.1247,1.5512,2.2742,6.1704,0.055,0.1946,2.8305,3.6999,11.3222,0.0551,0.2678,1.3403,600,0.2149,3.3464,3.6998,13.5627,200,2.0,80.9,39,False
2026-06-15 08:13:44,04,2,V,True,262,157,4.5,3.5,38.0,15.0,15,0,,0.0,,composite_fallback,100,0.0,,4.9378,2.8305,0.0,11.3222,0.0551,4.9378,2.8305,0.0,11.3222,0.0551,61.5561,1.3403,,,,,,1400,0.071,109.7,0,True
2026-06-15 08:13:44,04,3,H,True,2052,324,3.5,3.8,23.0,22.0,11,8,100|200|400|600|800|1000|1200|1400,2.3105,1400,elbow,600,0.1457,F100:0.0000  F200:0.0770  F400:0.1367  F600:0.1457  F800:0.1276  F1000:0.0938  F1200:0.0508  F1400:0.0000,0.0725,1.3308,0.5439,5.8893,0.0496,0.1288,2.6954,0.8421,12.5903,0.0478,0.2728,1.9435,1400,0.1795,3.6413,1.1214,17.7549,200,3.0,70.9,58,False
2026-06-15 08:13:44,04,3,V,True,2052,324,3.5,3.8,23.0,22.0,15,15,100|200|400|600|800|1000|1200|1400|1600|1800|2000|2500|3000|4000|4500,0.0251,4500,flat_terrain_default,1400,0.0,,0.0044,2.6954,0.0,12.5903,0.0478,0.0165,2.6954,0.0,12.5903,0.0478,0.296,1.9435,4500,0.0295,2.6954,0.0,12.5903,1400,1.0,0.5,30,True
2026-06-15 08:13:44,04,4,H,True,4382,354,3.5,3.8,20.0,22.0,13,10,100|200|400|600|800|1000|1200|1400|1600|1800,2.48,1800,elbow,600,0.1506,F100:0.0000  F200:0.0747  F400:0.1347  F600:0.1506  F800:0.1465  F1000:0.1298  F1200:0.1055  F1400:0.0751  F1600:0.0398  F1800:0.0000,0.0611,1.2811,0.4659,6.285,0.0601,0.1128,2.5387,0.8801,12.7883,0.0573,0.191,1.908,1800,0.177,3.7611,1.2975,20.4134,200,3.0,66.8,65,False
2026-06-15 08:13:44,04,4,V,True,4382,354,3.5,3.8,20.0,22.0,15,15,100|200|400|600|800|1000|1200|1400|1600|1800|2000|2500|3000|4000|4500,0.0,4500,flat_terrain_default,1400,0.0,,0.0,2.5387,0.0,12.7883,0.0573,0.0,2.5387,0.0,12.7883,0.0573,0.0,1.908,4500,0.0,2.5387,0.0,12.7883,1400,1.0,0.0,30,True
2026-06-15 08:13:44,04,5,H,True,4797,356,4.0,5.0,23.0,15.0,6,3,100|200|400,1.2721,400,elbow,200,0.0657,F100:0.0000  F200:0.0657  F400:0.0000,0.0789,1.5394,0.6198,7.0414,0.1608,0.102,2.0816,0.7655,9.5662,0.1579,0.1279,1.0113,400,0.1326,2.8116,0.9984,12.6941,200,1.0,41.6,35,False
2026-06-15 08:13:44,04,5,V,True,4797,356,4.0,5.0,23.0,15.0,15,15,100|200|400|600|800|1000|1200|1400|1600|1800|2000|2500|3000|4000|4500,0.0233,4500,flat_terrain_default,1200,0.0,,0.0041,2.0816,0.0,9.5662,0.1579,0.0141,2.0816,0.0,9.5662,0.1579,0.2661,1.0113,4500,0.0273,2.0816,0.0,9.5662,1200,1.0,0.4,30,True
2026-06-15 08:13:44,04,6,H,True,3264,344,4.0,5.5,23.0,15.0,6,3,100|200|400,1.4383,400,elbow,200,0.0656,F100:0.0000  F200:0.0656  F400:0.0000,0.093,1.6529,0.745,8.0302,0.2298,0.1222,2.2657,0.9158,10.5159,0.2239,0.1688,0.9065,400,0.1641,3.0912,1.2037,13.8675,200,1.0,41.2,35,False
2026-06-15 08:13:44,04,6,V,True,3264,344,4.0,5.5,23.0,15.0,15,15,100|200|400|600|800|1000|1200|1400|1600|1800|2000|2500|3000|4000|4500,0.0,4500,flat_terrain_default,1200,0.0,,0.0,2.2657,0.0,10.5159,0.2239,0.0,2.2657,0.0,10.5159,0.2239,0.0,0.9065,4500,0.0,2.2657,0.0,10.5159,1200,1.0,0.0,30,True
2026-06-15 08:13:44,04,7,H,True,8853,369,4.0,5.5,23.0,20.0,8,5,100|200|400|600|800,2.8697,800,elbow,400,0.0894,F100:0.0000  F200:0.0634  F400:0.0894  F600:0.0593  F800:0.0000,0.142,1.7434,1.2982,8.3251,0.5155,0.2543,3.3363,2.1044,14.8924,0.4595,0.2652,1.2624,800,0.3536,4.6131,3.0608,19.4947,200,2.0,60.7,43,False
2026-06-15 08:13:44,04,7,V,True,8853,369,4.0,5.5,23.0,20.0,15,15,100|200|400|600|800|1000|1200|1400|1600|1800|2000|2500|3000|4000|4500,-0.0001,4500,flat_terrain_default,1200,0.0,,0.889,3.3363,0.0,14.8924,0.4595,0.8887,3.3363,0.0,14.8924,0.4595,17.048,1.2624,4500,0.8889,3.3363,0.0,14.8924,1200,1.0,22.2,30,True
2026-06-15 08:13:44,06,1,H,True,2443,333,4.0,3.5,43.0,15.0,7,4,100|200|400|600,1.5796,600,elbow,400,0.0814,F100:0.0000  F200:0.0801  F400:0.0814  F600:0.0000,0.0891,1.4748,1.4895,6.5872,0.0463,0.1339,2.6045,1.6374,11.1548,0.0464,0.1458,1.5526,600,0.1531,3.0544,1.7808,13.0751,400,1.0,74.4,40,False
2026-06-15 08:13:44,06,1,V,True,2443,333,4.0,3.5,43.0,15.0,15,15,100|200|400|600|800|1000|1200|1400|1600|1800|2000|2500|3000|4000|4500,-0.0033,4500,flat_terrain_default,1400,0.0,,0.2897,2.6045,0.0,11.1548,0.0464,0.2883,2.6045,0.0,11.1548,0.0464,5.2524,1.5526,4500,0.2864,2.6045,0.0,11.1548,1400,1.0,7.2,30,True
2026-06-15 08:13:44,06,2,H,True,1840,318,4.5,3.5,38.0,15.0,6,3,100|200|400,1.4026,400,elbow,200,0.0696,F100:0.0000  F200:0.0696  F400:0.0000,0.113,1.7331,1.8292,6.7666,0.0556,0.1394,2.3387,2.0894,8.7463,0.0549,0.1435,0.7873,400,0.1771,3.1356,2.3952,11.4365,200,1.0,66.8,35,False
2026-06-15 08:13:44,06,2,V,True,1840,318,4.5,3.5,38.0,15.0,15,15,100|200|400|600|800|1000|1200|1400|1600|1800|2000|2500|3000|4000|4500,0.0112,4500,flat_terrain_default,1400,0.0,,0.0047,2.3387,0.0,8.7463,0.0549,0.0159,2.3387,0.0,8.7463,0.0549,0.2832,0.7873,4500,0.0159,2.3387,0.0,8.7463,1400,1.0,0.4,30,True
2026-06-15 08:13:44,06,3,H,True,8896,369,3.5,3.8,23.0,22.0,7,4,100|200|400|600,1.9105,600,elbow,400,0.0772,F100:0.0000  F200:0.0744  F400:0.0772  F600:0.0000,0.0873,1.6394,0.737,7.9931,0.1219,0.1455,2.9943,1.1545,13.364,0.1132,0.2155,1.3264,600,0.1656,3.55,1.3038,15.0309,200,2.0,78.8,39,False
2026-06-15 08:13:44,06,3,V,True,8896,369,3.5,3.8,23.0,22.0,15,15,100|200|400|600|800|1000|1200|1400|1600|1800|2000|2500|3000|4000|4500,0.022,4500,flat_terrain_default,1400,0.0,,0.0039,2.9943,0.0,13.364,0.1132,0.0144,2.9943,0.0,13.364,0.1132,0.2767,1.3264,4500,0.0259,2.9943,0.0,13.364,1400,1.0,0.4,30,True
2026-06-15 08:13:44,06,4,H,True,13315,374,3.5,3.8,20.0,22.0,7,4,100|200|400|600,2.0368,600,elbow,400,0.0749,F100:0.0000  F200:0.0726  F400:0.0749  F600:0.0000,0.1064,1.6918,0.7781,8.1242,0.2166,0.1834,3.1296,1.1888,13.5371,0.2052,0.3383,1.3392,600,0.2215,3.7286,1.2942,15.7557,200,2.0,82.4,39,False
2026-06-15 08:13:44,06,4,V,True,13315,374,3.5,3.8,20.0,22.0,15,15,100|200|400|600|800|1000|1200|1400|1600|1800|2000|2500|3000|4000|4500,-0.0078,4500,flat_terrain_default,1400,0.0,,0.0772,3.1296,0.0,13.5371,0.2052,0.0746,3.1296,0.0,13.5371,0.2052,1.4405,1.3392,4500,0.0693,3.1296,0.0,13.5371,1400,1.0,2.1,30,True
2026-06-15 08:13:44,06,5,H,True,17089,376,4.0,5.0,23.0,15.0,7,4,100|200|400|600,1.7714,600,elbow,400,0.0724,F100:0.0000  F200:0.0709  F400:0.0724  F600:0.0000,0.097,1.5571,0.779,7.0878,0.2862,0.1703,2.8013,1.437,12.5963,0.2697,0.2197,1.4985,600,0.2081,3.3285,1.7599,14.7981,200,2.0,56.0,39,False
2026-06-15 08:13:44,06,5,V,True,17089,376,4.0,5.0,23.0,15.0,15,15,100|200|400|600|800|1000|1200|1400|1600|1800|2000|2500|3000|4000|4500,0.0072,4500,flat_terrain_default,1200,0.0,,0.0038,2.8013,0.0,12.5963,0.2697,0.011,2.8013,0.0,12.5963,0.2697,0.2134,1.4985,4500,0.011,2.8013,0.0,12.5963,1200,1.0,0.3,30,True
2026-06-15 08:13:44,06,6,H,True,6523,363,4.0,5.5,23.0,15.0,6,3,100|200|400,1.449,400,elbow,200,0.0655,F100:0.0000  F200:0.0655  F400:0.0000,0.1476,1.6841,1.6606,7.4798,0.5526,0.1972,2.3014,2.2383,10.1711,0.5352,0.2132,0.8754,400,0.2769,3.1331,3.1227,13.6746,200,1.0,41.8,35,False
2026-06-15 08:13:44,06,6,V,True,6523,363,4.0,5.5,23.0,15.0,15,15,100|200|400|600|800|1000|1200|1400|1600|1800|2000|2500|3000|4000|4500,0.0,4500,flat_terrain_default,1200,0.0,,0.0,2.3014,0.0,10.1711,0.5352,0.0,2.3014,0.0,10.1711,0.5352,0.0,0.8754,4500,0.0,2.3014,0.0,10.1711,1200,1.0,0.0,30,True
2026-06-15 08:13:44,06,7,H,True,37748,381,4.0,5.5,23.0,20.0,8,5,100|200|400|600|800,2.8165,800,elbow,400,0.0905,F100:0.0000  F200:0.0641  F400:0.0905  F600:0.0602  F800:0.0000,0.2044,1.7436,2.3092,8.305,0.7164,0.3785,3.3112,4.3079,14.6843,0.6584,0.4336,1.282,800,0.5398,4.5601,5.7761,18.9821,200,2.0,60.2,44,False
2026-06-15 08:13:44,06,7,V,True,37748,381,4.0,5.5,23.0,20.0,15,15,100|200|400|600|800|1000|1200|1400|1600|1800|2000|2500|3000|4000|4500,0.0,4500,flat_terrain_default,1200,0.0,,0.0,3.3112,0.0,14.6843,0.6584,0.0,3.3112,0.0,14.6843,0.6584,0.0,1.282,4500,0.0,3.3112,0.0,14.6843,1200,1.0,0.0,30,True
2026-06-15 10:29:42,11,1,H,False,11,11,4.0,3.5,35.0,15.0,5,2,100|200,0.8366,200,highest_safe,200,0.0,,0.2361,2.0199,3.3064,6.5507,0.1944,0.2905,2.8565,4.9751,8.4834,0.1931,0.158,0.0883,200,0.2905,2.8565,4.9751,8.4834,400,0.5,81.6,22,True
2026-06-15 10:29:42,11,1,V,False,11,11,4.0,3.5,35.0,15.0,15,15,100|200|400|600|800|1000|1200|1400|1600|1800|2000|2500|3000|4000|4500,0.4423,4500,elbow,1600,0.2549,F100:0.0000  F200:0.0737  F400:0.1468  F600:0.1747  F800:0.1854  F1000:0.2055  F1200:0.2147  F1400:0.2227  F1600:0.2549  F1800:0.2410  F2000:0.2202  F2500:0.2391  F3000:0.2255  F4000:0.0804  F4500:0.0000,0.5837,2.8565,0.0,8.4834,0.1931,0.8939,2.8565,0.0,8.4834,0.1931,2.2845,0.0883,4500,1.026,2.8565,0.0,8.4834,1400,1.143,22.3,63,False
2026-06-15 10:29:42,11,2,H,False,7,7,4.5,3.5,30.0,15.0,5,2,100|200,0.8315,200,highest_safe,200,0.0,,0.1569,2.0075,2.275,7.5866,0.1924,0.2131,2.839,5.6721,8.2597,0.1929,0.0788,0.0657,200,0.2131,2.839,5.6721,8.2597,200,1.0,81.1,22,True
2026-06-15 10:29:42,11,2,V,False,7,7,4.5,3.5,30.0,15.0,15,15,100|200|400|600|800|1000|1200|1400|1600|1800|2000|2500|3000|4000|4500,0.1095,4500,elbow,800,0.5946,F100:0.0000  F200:0.3645  F400:0.2933  F600:0.3972  F800:0.5946  F1000:0.5625  F1200:0.5303  F1400:0.4982  F1600:0.4660  F1800:0.4339  F2000:0.4018  F2500:0.3214  F3000:0.2411  F4000:0.0804  F4500:0.0000,0.6521,2.839,0.0,8.2597,0.1929,0.7616,2.839,0.0,8.2597,0.1929,1.8656,0.0657,4500,0.7616,2.839,0.0,8.2597,1400,0.571,16.9,82,False
2026-06-15 10:29:42,11,3,H,False,67,58,3.5,3.8,15.0,22.0,9,6,100|200|400|600|800|1000,2.1581,1000,elbow,400,0.111,F100:0.0000  F200:0.0732  F400:0.1110  F600:0.0991  F800:0.0589  F1000:0.0000,0.0842,1.5204,0.8639,8.3068,0.0782,0.1173,2.5784,1.4691,15.4944,0.0729,0.1126,1.4368,1000,0.1629,3.6785,1.7391,21.405,200,2.0,67.9,49,False
2026-06-15 10:29:42,11,3,V,False,67,58,3.5,3.8,15.0,22.0,15,15,100|200|400|600|800|1000|1200|1400|1600|1800|2000|2500|3000|4000|4500,0.0,4500,flat_terrain_default,1400,0.0,,0.0,2.5784,0.0,15.4944,0.0729,0.0,2.5784,0.0,15.4944,0.0729,0.0,1.4368,4500,0.0,2.5784,0.0,15.4944,1400,1.0,0.0,30,True
2026-06-15 10:29:42,11,4,H,False,82,68,3.5,3.8,12.0,22.0,7,4,100|200|400|600,1.9134,600,elbow,400,0.0765,F100:0.0000  F200:0.0726  F400:0.0765  F600:0.0000,0.0883,1.6828,0.5951,10.804,0.1615,0.1163,3.0379,0.7608,16.9461,0.1505,0.1237,1.3078,600,0.1395,3.5962,1.0941,19.6299,200,2.0,79.9,39,False
2026-06-15 10:29:42,11,4,V,False,82,68,3.5,3.8,12.0,22.0,15,15,100|200|400|600|800|1000|1200|1400|1600|1800|2000|2500|3000|4000|4500,0.091,4500,elbow,2500,0.264,F100:0.0000  F200:0.0514  F400:0.1147  F600:0.1572  F800:0.1860  F1000:0.2080  F1200:0.2245  F1400:0.2374  F1600:0.2470  F1800:0.2540  F2000:0.2591  F2500:0.2640  F3000:0.2411  F4000:0.0804  F4500:0.0000,0.0218,3.0379,0.0,16.9461,0.1505,0.1054,3.0379,0.0,16.9461,0.1505,0.8628,1.3078,4500,0.1128,3.0379,0.0,16.9461,1400,1.786,3.0,57,False
2026-06-15 10:29:42,11,5,H,False,37,34,4.0,5.0,15.0,15.0,6,3,100|200|400,1.1544,400,elbow,200,0.0761,F100:0.0000  F200:0.0761  F400:0.0000,0.0621,1.4948,0.5319,9.5748,0.155,0.0731,2.0039,0.6337,12.2857,0.1439,0.0405,0.9715,400,0.0894,2.6492,0.8388,14.5206,200,1.0,40.1,36,False
2026-06-15 10:29:42,11,5,V,False,37,34,4.0,5.0,15.0,15.0,15,15,100|200|400|600|800|1000|1200|1400|1600|1800|2000|2500|3000|4000|4500,0.0,4500,flat_terrain_default,1200,0.0,,0.0,2.0039,0.0,12.2857,0.1439,0.0,2.0039,0.0,12.2857,0.1439,0.0,0.9715,4500,0.0,2.0039,0.0,12.2857,1200,1.0,0.0,30,True
2026-06-15 10:29:42,11,7,H,False,83,69,4.0,5.5,15.0,20.0,5,2,100|200,0.5634,200,highest_safe,200,0.0,,0.0706,1.6094,0.6802,11.6584,0.229,0.0849,2.1728,0.9155,15.5782,0.2206,0.0433,0.813,200,0.0849,2.1728,0.9155,15.5782,200,1.0,39.5,17,True
2026-06-15 10:29:42,11,7,V,False,83,69,4.0,5.5,15.0,20.0,15,15,100|200|400|600|800|1000|1200|1400|1600|1800|2000|2500|3000|4000|4500,0.0,4500,flat_terrain_default,1200,0.0,,0.0,2.1728,0.0,15.5782,0.2206,0.0,2.1728,0.0,15.5782,0.2206,0.0,0.813,4500,0.0,2.1728,0.0,15.5782,1200,1.0,0.0,30,True
2026-06-15 10:23:29,10,1,H,False,39,36,4.0,3.5,35.0,15.0,5,2,100|200,0.7083,200,highest_safe,200,0.0,,0.1285,1.9326,1.2812,6.2299,0.0688,0.1574,2.6409,1.5664,8.4255,0.0694,0.0822,0.4272,200,0.1574,2.6409,1.5664,8.4255,400,0.5,75.5,20,True
2026-06-15 10:23:29,10,1,V,False,39,36,4.0,3.5,35.0,15.0,15,15,100|200|400|600|800|1000|1200|1400|1600|1800|2000|2500|3000|4000|4500,0.0,4500,flat_terrain_default,1400,0.0,,0.0259,2.6409,0.0,8.4255,0.0694,0.0259,2.6409,0.0,8.4255,0.0694,0.1531,0.4272,4500,0.0259,2.6409,0.0,8.4255,1400,1.0,0.6,30,True
2026-06-15 10:23:29,10,2,H,False,63,55,4.5,3.5,30.0,15.0,6,3,100|200|400,1.4813,400,elbow,200,0.076,F100:0.0000  F200:0.0760  F400:0.0000,0.1076,1.78,1.751,6.8085,0.0619,0.1304,2.4331,1.6908,9.1854,0.0622,0.0859,0.7747,400,0.1646,3.2613,2.1343,12.129,200,1.0,69.5,36,False
2026-06-15 10:23:29,10,2,V,False,63,55,4.5,3.5,30.0,15.0,15,15,100|200|400|600|800|1000|1200|1400|1600|1800|2000|2500|3000|4000|4500,0.0037,4500,flat_terrain_default,1400,0.0,,0.0258,2.4331,0.0,9.1854,0.0622,0.0295,2.4331,0.0,9.1854,0.0622,0.2167,0.7747,4500,0.0295,2.4331,0.0,9.1854,1400,1.0,0.7,30,True
2026-06-15 10:23:29,10,3,H,False,306,171,3.5,3.8,15.0,22.0,7,4,100|200|400|600,1.838,600,elbow,400,0.0733,F100:0.0000  F200:0.0706  F400:0.0733  F600:0.0000,0.0855,1.6036,0.6245,6.9602,0.0596,0.1221,2.8969,0.888,12.1273,0.0587,0.0655,1.4208,600,0.139,3.4416,0.9598,14.1028,200,2.0,76.2,39,False
2026-06-15 10:23:29,10,3,V,False,306,171,3.5,3.8,15.0,22.0,15,15,100|200|400|600|800|1000|1200|1400|1600|1800|2000|2500|3000|4000|4500,0.0,4500,flat_terrain_default,1400,0.0,,0.0029,2.8969,0.0,12.1273,0.0587,0.0029,2.8969,0.0,12.1273,0.0587,0.0279,1.4208,4500,0.0029,2.8969,0.0,12.1273,1400,1.0,0.1,30,True
2026-06-15 10:23:29,10,4,H,False,260,156,3.5,3.8,12.0,22.0,6,3,100|200|400,1.6671,400,elbow,200,0.0655,F100:0.0000  F200:0.0655  F400:0.0000,0.0904,1.8815,0.6579,7.252,0.0911,0.1122,2.5917,0.8463,9.9919,0.0902,0.0576,0.5745,400,0.1392,3.5486,1.0438,13.221,200,1.0,68.2,35,False
2026-06-15 10:23:29,10,4,V,False,260,156,3.5,3.8,12.0,22.0,15,15,100|200|400|600|800|1000|1200|1400|1600|1800|2000|2500|3000|4000|4500,0.0947,4500,elbow,1600,0.1582,F100:0.0000  F200:0.0376  F400:0.0849  F600:0.1093  F800:0.1239  F1000:0.1388  F1200:0.1511  F1400:0.1568  F1600:0.1582  F1800:0.1573  F2000:0.1544  F2500:0.1412  F3000:0.1217  F4000:0.0549  F4500:0.0000,0.0441,2.5917,0.0,9.9919,0.0902,0.0975,2.5917,0.0,9.9919,0.0902,0.8871,0.5745,4500,0.1388,2.5917,0.0,9.9919,1400,1.143,2.8,46,False
2026-06-15 10:23:29,10,5,H,False,615,237,4.0,5.0,15.0,15.0,5,2,100|200,0.7024,200,highest_safe,200,0.0,,0.0864,1.8442,0.6588,8.3495,0.117,0.108,2.5466,0.784,11.5233,0.1156,0.0444,0.6969,200,0.108,2.5466,0.784,11.5233,200,1.0,50.9,20,True
2026-06-15 10:23:29,10,5,V,False,615,237,4.0,5.0,15.0,15.0,15,15,100|200|400|600|800|1000|1200|1400|1600|1800|2000|2500|3000|4000|4500,0.0,4500,flat_terrain_default,1200,0.0,,0.0,2.5466,0.0,11.5233,0.1156,0.0,2.5466,0.0,11.5233,0.1156,0.0,0.6969,4500,0.0,2.5466,0.0,11.5233,1200,1.0,0.0,30,True
2026-06-15 10:23:29,10,6,H,False,254,154,4.0,5.5,15.0,15.0,6,3,100|200|400,1.6843,400,elbow,200,0.062,F100:0.0000  F200:0.0620  F400:0.0000,0.0776,1.8214,0.5694,7.4559,0.1101,0.0991,2.5307,0.7288,9.8972,0.1088,0.0378,0.7176,400,0.1344,3.5057,0.9496,13.7645,200,1.0,46.0,35,False
2026-06-15 10:23:29,10,6,V,False,254,154,4.0,5.5,15.0,15.0,15,15,100|200|400|600|800|1000|1200|1400|1600|1800|2000|2500|3000|4000|4500,0.0,4500,flat_terrain_default,1200,0.0,,0.0,2.5307,0.0,9.8972,0.1088,0.0,2.5307,0.0,9.8972,0.1088,0.0,0.7176,4500,0.0,2.5307,0.0,9.8972,1200,1.0,0.0,30,True
2026-06-15 10:23:29,10,7,H,False,1550,309,4.0,5.5,15.0,20.0,7,4,100|200|400|600,2.6696,600,elbow,400,0.067,F100:0.0000  F200:0.0641  F400:0.0670  F600:0.0000,0.0906,1.9477,0.6768,8.5738,0.1801,0.1717,3.8022,1.3174,15.5395,0.1794,0.0599,0.6953,600,0.2124,4.6172,1.5612,18.9066,200,2.0,69.1,38,False
2026-06-15 10:23:29,10,7,V,False,1550,309,4.0,5.5,15.0,20.0,15,15,100|200|400|600|800|1000|1200|1400|1600|1800|2000|2500|3000|4000|4500,0.0,4500,flat_terrain_default,1200,0.0,,0.0,3.8022,0.0,15.5395,0.1794,0.0,3.8022,0.0,15.5395,0.1794,0.0,0.6953,4500,0.0,3.8022,0.0,15.5395,1200,1.0,0.0,30,True
2026-06-15 09:56:31,08,1,H,True,950,274,4.0,3.5,43.0,15.0,7,4,100|200|400|600,1.5255,600,elbow,400,0.0783,F100:0.0000  F200:0.0736  F400:0.0783  F600:0.0000,0.0857,1.3375,1.1791,5.7764,0.0447,0.1319,2.4217,1.4608,10.7608,0.045,0.1702,1.6549,600,0.1514,2.863,1.4703,13.2187,400,1.0,69.2,39,False
2026-06-15 09:56:31,08,1,V,True,950,274,4.0,3.5,43.0,15.0,15,15,100|200|400|600|800|1000|1200|1400|1600|1800|2000|2500|3000|4000|4500,-0.0013,4500,flat_terrain_default,1400,0.0,,2.1814,2.4217,0.0,10.7608,0.045,2.1814,2.4217,0.0,10.7608,0.045,36.0427,1.6549,4500,2.1801,2.4217,0.0,10.7608,1400,1.0,54.5,30,True
2026-06-15 09:56:31,08,2,H,True,336,180,4.5,3.5,38.0,15.0,6,3,100|200|400,1.3634,400,elbow,200,0.0705,F100:0.0000  F200:0.0705  F400:0.0000,0.0898,1.6291,1.5079,6.6986,0.0576,0.1094,2.2194,1.4966,8.7588,0.0575,0.101,0.9297,400,0.1403,2.9925,1.8853,11.1749,200,1.0,63.4,36,False
2026-06-15 09:56:31,08,2,V,True,336,180,4.5,3.5,38.0,15.0,15,15,100|200|400|600|800|1000|1200|1400|1600|1800|2000|2500|3000|4000|4500,0.0,4500,flat_terrain_default,1400,0.0,,0.0,2.2194,0.0,8.7588,0.0575,0.0,2.2194,0.0,8.7588,0.0575,0.0,0.9297,4500,0.0,2.2194,0.0,8.7588,1400,1.0,0.0,30,True
2026-06-15 09:56:31,08,3,H,True,3478,347,3.5,3.8,23.0,22.0,8,5,100|200|400|600|800,2.209,800,elbow,400,0.1004,F100:0.0000  F200:0.0719  F400:0.1004  F600:0.0653  F800:0.0000,0.0837,1.4711,0.6564,6.9998,0.0991,0.1437,2.7316,1.0812,11.9448,0.0974,0.2102,1.569,800,0.1938,3.6802,1.3599,16.3007,200,2.0,71.9,45,False
2026-06-15 09:56:31,08,3,V,True,3478,347,3.5,3.8,23.0,22.0,15,15,100|200|400|600|800|1000|1200|1400|1600|1800|2000|2500|3000|4000|4500,0.0,4500,flat_terrain_default,1400,0.0,,0.0,2.7316,0.0,11.9448,0.0974,0.0,2.7316,0.0,11.9448,0.0974,0.0,1.569,4500,0.0,2.7316,0.0,11.9448,1400,1.0,0.0,30,True
2026-06-15 09:56:31,08,4,H,True,4608,355,3.5,3.8,20.0,22.0,8,5,100|200|400|600|800,2.2028,800,elbow,400,0.0983,F100:0.0000  F200:0.0713  F400:0.0983  F600:0.0640  F800:0.0000,0.0824,1.4781,0.5694,6.7845,0.144,0.1493,2.7284,0.9623,12.3735,0.1427,0.3623,1.599,800,0.2057,3.6809,1.3775,16.4208,200,2.0,71.8,44,False
2026-06-15 09:56:31,08,4,V,True,4608,355,3.5,3.8,20.0,22.0,15,15,100|200|400|600|800|1000|1200|1400|1600|1800|2000|2500|3000|4000|4500,0.0,4500,flat_terrain_default,1400,0.0,,0.0,2.7284,0.0,12.3735,0.1427,0.0,2.7284,0.0,12.3735,0.1427,0.0,1.599,4500,0.0,2.7284,0.0,12.3735,1400,1.0,0.0,30,True
2026-06-15 09:56:31,08,5,H,True,5967,361,4.0,5.0,23.0,15.0,6,3,100|200|400,1.2537,400,elbow,200,0.0635,F100:0.0000  F200:0.0635  F400:0.0000,0.0797,1.4681,0.612,7.3987,0.2067,0.1041,1.9986,0.8234,9.9551,0.2031,0.1215,1.1227,400,0.143,2.7219,1.1422,13.2303,200,1.0,40.0,35,False
2026-06-15 09:56:31,08,5,V,True,5967,361,4.0,5.0,23.0,15.0,15,15,100|200|400|600|800|1000|1200|1400|1600|1800|2000|2500|3000|4000|4500,0.0,4500,flat_terrain_default,1200,0.0,,0.0,1.9986,0.0,9.9551,0.2031,0.0,1.9986,0.0,9.9551,0.2031,0.0,1.1227,4500,0.0,1.9986,0.0,9.9551,1200,1.0,0.0,30,True
2026-06-15 09:56:31,08,6,H,True,7748,367,4.0,5.5,23.0,15.0,6,3,100|200|400,1.0274,400,elbow,200,0.0639,F100:0.0000  F200:0.0639  F400:0.0000,0.0873,1.2726,0.7255,7.4767,0.2543,0.1138,1.7079,0.9266,9.7368,0.2483,0.155,1.1904,400,0.1537,2.3,1.2173,13.2725,200,1.0,31.1,35,False
2026-06-15 09:56:31,08,6,V,True,7748,367,4.0,5.5,23.0,15.0,15,15,100|200|400|600|800|1000|1200|1400|1600|1800|2000|2500|3000|4000|4500,0.0,4500,flat_terrain_default,1200,0.0,,0.0,1.7079,0.0,9.7368,0.2483,0.0,1.7079,0.0,9.7368,0.2483,0.0,1.1904,4500,0.0,1.7079,0.0,9.7368,1200,1.0,0.0,30,True
2026-06-15 09:56:31,08,7,H,True,36519,381,4.0,5.5,23.0,20.0,8,5,100|200|400|600|800,1.9076,800,elbow,400,0.0923,F100:0.0000  F200:0.0662  F400:0.0923  F600:0.0604  F800:0.0000,0.1059,1.3135,1.0189,7.6905,0.3929,0.1842,2.3799,1.6965,14.1678,0.3598,0.2578,1.713,800,0.2662,3.2211,2.4839,18.4943,200,2.0,43.3,44,False
2026-06-15 09:56:31,08,7,V,True,36519,381,4.0,5.5,23.0,20.0,15,15,100|200|400|600|800|1000|1200|1400|1600|1800|2000|2500|3000|4000|4500,0.0,4500,flat_terrain_default,1200,0.0,,0.0,2.3799,0.0,14.1678,0.3598,0.0,2.3799,0.0,14.1678,0.3598,0.0,1.713,4500,0.0,2.3799,0.0,14.1678,1200,1.0,0.0,30,True
2026-06-15 10:13:02,09,1,H,False,343,182,4.0,3.5,35.0,15.0,5,2,100|200,0.7126,200,highest_safe,200,0.0,,0.1593,1.8532,3.8033,6.0738,0.0675,0.1945,2.5658,3.8998,8.2381,0.068,0.1647,0.6422,200,0.1945,2.5658,3.8998,8.2381,400,0.5,73.3,20,True
2026-06-15 10:13:02,09,1,V,False,343,182,4.0,3.5,35.0,15.0,15,15,100|200|400|600|800|1000|1200|1400|1600|1800|2000|2500|3000|4000|4500,-0.015,4500,flat_terrain_default,1400,0.0,,0.1322,2.5658,0.0,8.2381,0.068,0.1252,2.5658,0.0,8.2381,0.068,1.685,0.6422,4500,0.1171,2.5658,0.0,8.2381,1400,1.0,3.1,30,True
2026-06-15 10:13:02,09,2,H,False,261,156,4.5,3.5,30.0,15.0,5,2,100|200,0.7286,200,highest_safe,200,0.0,,0.1714,1.9107,3.5247,6.526,0.0831,0.2037,2.6393,3.7416,8.8631,0.0837,0.1556,0.5053,200,0.2037,2.6393,3.7416,8.8631,200,1.0,75.4,20,True
2026-06-15 10:13:02,09,2,V,False,261,156,4.5,3.5,30.0,15.0,15,15,100|200|400|600|800|1000|1200|1400|1600|1800|2000|2500|3000|4000|4500,0.0,4500,flat_terrain_default,1400,0.0,,0.0,2.6393,0.0,8.8631,0.0837,0.0,2.6393,0.0,8.8631,0.0837,0.0,0.5053,4500,0.0,2.6393,0.0,8.8631,1400,1.0,0.0,30,True
2026-06-15 10:13:02,09,3,H,False,753,255,3.5,3.8,15.0,22.0,5,2,100|200,0.8011,200,highest_safe,200,0.0,,0.0916,1.9875,0.5668,7.3148,0.1664,0.1144,2.7886,0.7499,9.8142,0.1646,0.0903,0.2395,200,0.1144,2.7886,0.7499,9.8142,200,1.0,73.4,22,True
2026-06-15 10:13:02,09,3,V,False,753,255,3.5,3.8,15.0,22.0,15,15,100|200|400|600|800|1000|1200|1400|1600|1800|2000|2500|3000|4000|4500,0.0,4500,flat_terrain_default,1400,0.0,,0.0,2.7886,0.0,9.8142,0.1646,0.0,2.7886,0.0,9.8142,0.1646,0.0,0.2395,4500,0.0,2.7886,0.0,9.8142,1400,1.0,0.0,30,True
2026-06-15 10:13:02,09,4,H,False,1420,303,3.5,3.8,12.0,22.0,5,2,100|200,0.7861,200,highest_safe,200,0.0,,0.092,1.9712,0.664,7.7553,0.216,0.1208,2.7574,1.0212,10.1891,0.2124,0.1134,0.2572,200,0.1208,2.7574,1.0212,10.1891,200,1.0,72.6,21,True
2026-06-15 10:13:02,09,4,V,False,1420,303,3.5,3.8,12.0,22.0,15,15,100|200|400|600|800|1000|1200|1400|1600|1800|2000|2500|3000|4000|4500,0.0268,4500,flat_terrain_default,1400,0.0,,0.0047,2.7574,0.0,10.1891,0.2124,0.0176,2.7574,0.0,10.1891,0.2124,0.3053,0.2572,4500,0.0315,2.7574,0.0,10.1891,1400,1.0,0.5,30,True
2026-06-15 10:13:02,09,5,H,False,1754,316,4.0,5.0,15.0,15.0,6,3,100|200|400,1.9666,400,elbow,200,0.058,F100:0.0000  F200:0.0580  F400:0.0000,0.0872,1.9988,0.6819,7.8208,0.2827,0.1141,2.8157,0.8701,10.6445,0.278,0.0491,0.1886,400,0.1568,3.9654,1.1451,14.4524,200,1.0,56.3,34,False
2026-06-15 10:13:02,09,5,V,False,1754,316,4.0,5.0,15.0,15.0,15,15,100|200|400|600|800|1000|1200|1400|1600|1800|2000|2500|3000|4000|4500,0.0,4500,flat_terrain_default,1200,0.0,,0.0,2.8157,0.0,10.6445,0.278,0.0,2.8157,0.0,10.6445,0.278,0.0,0.1886,4500,0.0,2.8157,0.0,10.6445,1200,1.0,0.0,30,True
2026-06-15 10:13:02,09,6,H,False,462,210,4.0,5.5,15.0,15.0,6,3,100|200|400,1.9613,400,elbow,200,0.0578,F100:0.0000  F200:0.0578  F400:0.0000,0.0992,1.9968,0.6224,8.0645,0.3632,0.1305,2.8108,0.8667,10.8605,0.3546,0.0736,0.1405,400,0.1796,3.9581,1.4524,14.1078,200,1.0,51.1,34,False
2026-06-15 10:13:02,09,6,V,False,462,210,4.0,5.5,15.0,15.0,15,15,100|200|400|600|800|1000|1200|1400|1600|1800|2000|2500|3000|4000|4500,0.0,4500,flat_terrain_default,1200,0.0,,0.0,2.8108,0.0,10.8605,0.3546,0.0,2.8108,0.0,10.8605,0.3546,0.0,0.1405,4500,0.0,2.8108,0.0,10.8605,1200,1.0,0.0,30,True
2026-06-15 10:13:02,09,7,H,False,2863,339,4.0,5.5,15.0,20.0,7,4,100|200|400|600,2.843,600,elbow,400,0.066,F100:0.0000  F200:0.0625  F400:0.0660  F600:0.0000,0.1048,1.9981,0.7367,7.9231,0.5153,0.1981,3.9691,1.6075,14.9339,0.4828,0.1263,0.2632,600,0.249,4.8411,2.2361,18.2803,200,2.0,72.2,38,False
2026-06-15 10:13:02,09,7,V,False,2863,339,4.0,5.5,15.0,20.0,15,15,100|200|400|600|800|1000|1200|1400|1600|1800|2000|2500|3000|4000|4500,0.0,4500,flat_terrain_default,1200,0.0,,0.0,3.9691,0.0,14.9339,0.4828,0.0,3.9691,0.0,14.9339,0.4828,0.0,0.2632,4500,0.0,3.9691,0.0,14.9339,1200,1.0,0.0,30,True
2026-06-15 10:34:43,12,1,H,False,1462,305,4.0,3.5,35.0,15.0,9,6,100|200|400|600|800|1000,1.4448,1000,elbow,400,0.1533,F100:0.0000  F200:0.0947  F400:0.1533  F600:0.1366  F800:0.0813  F1000:0.0000,0.0641,1.1369,0.7772,5.7834,0.0203,0.0906,1.9318,0.9036,10.3191,0.0204,0.1448,1.5921,1000,0.1146,2.5817,1.0565,14.7127,400,1.0,55.2,53,False
2026-06-15 10:34:43,12,1,V,False,1462,305,4.0,3.5,35.0,15.0,15,15,100|200|400|600|800|1000|1200|1400|1600|1800|2000|2500|3000|4000|4500,0.0,4500,flat_terrain_default,1400,0.0,,0.0042,1.9318,0.0,10.3191,0.0204,0.0042,1.9318,0.0,10.3191,0.0204,0.0727,1.5921,4500,0.0042,1.9318,0.0,10.3191,1400,1.0,0.1,30,True
2026-06-15 10:34:43,12,2,H,False,771,257,4.5,3.5,30.0,15.0,8,5,100|200|400|600|800,1.8278,800,elbow,400,0.1132,F100:0.0000  F200:0.0829  F400:0.1132  F600:0.0737  F800:0.0000,0.1044,1.3688,1.7637,6.0489,0.0405,0.15,2.4448,2.4938,11.2896,0.0402,0.1747,1.5488,800,0.1922,3.1966,2.7344,14.7374,200,2.0,69.9,46,False
2026-06-15 10:34:43,12,2,V,False,771,257,4.5,3.5,30.0,15.0,15,15,100|200|400|600|800|1000|1200|1400|1600|1800|2000|2500|3000|4000|4500,0.0058,4500,flat_terrain_default,1400,0.0,,0.0244,2.4448,0.0,11.2896,0.0402,0.0302,2.4448,0.0,11.2896,0.0402,0.3929,1.5488,4500,0.0302,2.4448,0.0,11.2896,1400,1.0,0.7,30,True
2026-06-15 10:34:43,12,3,H,False,6430,363,3.5,3.8,15.0,22.0,10,7,100|200|400|600|800|1000|1200,2.3876,1200,elbow,400,0.1302,F100:0.0000  F200:0.0767  F400:0.1302  F600:0.1300  F800:0.1025  F1000:0.0571  F1200:0.0000,0.0542,1.3729,0.4412,6.7061,0.0418,0.0858,2.4638,0.6418,12.0883,0.0396,0.0935,1.5903,1200,0.129,3.7605,0.9184,18.0814,200,2.0,64.8,54,False
2026-06-15 10:34:43,12,3,V,False,6430,363,3.5,3.8,15.0,22.0,15,15,100|200|400|600|800|1000|1200|1400|1600|1800|2000|2500|3000|4000|4500,0.0,4500,flat_terrain_default,1400,0.0,,0.0,2.4638,0.0,12.0883,0.0396,0.0,2.4638,0.0,12.0883,0.0396,0.0,1.5903,4500,0.0,2.4638,0.0,12.0883,1400,1.0,0.0,30,True
2026-06-15 10:34:43,12,4,H,False,5475,360,3.5,3.8,12.0,22.0,9,6,100|200|400|600|800|1000,2.3256,1000,elbow,400,0.1171,F100:0.0000  F200:0.0743  F400:0.1171  F600:0.1028  F800:0.0599  F1000:0.0000,0.0499,1.4001,0.4366,7.6566,0.0701,0.0809,2.5605,0.6919,12.7712,0.0647,0.0662,1.5973,1000,0.1178,3.7257,1.0015,19.0955,200,2.0,67.4,49,False
2026-06-15 10:34:43,12,4,V,False,5475,360,3.5,3.8,12.0,22.0,15,15,100|200|400|600|800|1000|1200|1400|1600|1800|2000|2500|3000|4000|4500,0.0194,4500,flat_terrain_default,1400,0.0,,0.0039,2.5605,0.0,12.7712,0.0647,0.0145,2.5605,0.0,12.7712,0.0647,0.2748,1.5973,4500,0.0232,2.5605,0.0,12.7712,1400,1.0,0.4,30,True
2026-06-15 10:34:43,12,5,H,False,8905,369,4.0,5.0,15.0,15.0,6,3,100|200|400,1.218,400,elbow,200,0.07,F100:0.0000  F200:0.0700  F400:0.0000,0.047,1.4652,0.4392,8.3085,0.1077,0.0616,1.9918,0.5692,11.0205,0.104,0.0516,1.086,400,0.0826,2.6832,0.7678,14.4798,200,1.0,39.8,36,False
2026-06-15 10:34:43,12,5,V,False,8905,369,4.0,5.0,15.0,15.0,15,15,100|200|400|600|800|1000|1200|1400|1600|1800|2000|2500|3000|4000|4500,0.0,4500,flat_terrain_default,1200,0.0,,0.0,1.9918,0.0,11.0205,0.104,0.0,1.9918,0.0,11.0205,0.104,0.0,1.086,4500,0.0,1.9918,0.0,11.0205,1200,1.0,0.0,30,True
2026-06-15 10:34:43,12,6,H,False,4390,354,4.0,5.5,15.0,15.0,5,2,100|200,0.6029,200,highest_safe,200,0.0,,0.0577,1.5975,0.5154,8.5824,0.1391,0.0756,2.2004,0.6501,11.6735,0.1383,0.0646,1.0105,200,0.0756,2.2004,0.6501,11.6735,200,1.0,40.0,18,True
2026-06-15 10:34:43,12,6,V,False,4390,354,4.0,5.5,15.0,15.0,15,15,100|200|400|600|800|1000|1200|1400|1600|1800|2000|2500|3000|4000|4500,0.0,4500,flat_terrain_default,1200,0.0,,0.0,2.2004,0.0,11.6735,0.1383,0.0,2.2004,0.0,11.6735,0.1383,0.0,1.0105,4500,0.0,2.2004,0.0,11.6735,1200,1.0,0.0,30,True
2026-06-15 10:34:43,12,7,H,False,19573,377,4.0,5.5,15.0,20.0,6,3,100|200|400,1.3849,400,elbow,200,0.0647,F100:0.0000  F200:0.0647  F400:0.0000,0.0617,1.5678,0.6006,9.8116,0.2206,0.0799,2.1562,0.7961,12.6048,0.2159,0.0605,1.0149,400,0.1067,2.9527,1.0625,17.3552,200,1.0,39.2,35,False
2026-06-15 10:34:43,12,7,V,False,19573,377,4.0,5.5,15.0,20.0,15,15,100|200|400|600|800|1000|1200|1400|1600|1800|2000|2500|3000|4000|4500,0.0,4500,flat_terrain_default,1200,0.0,,0.0,2.1562,0.0,12.6048,0.2159,0.0,2.1562,0.0,12.6048,0.2159,0.0,1.0149,4500,0.0,2.1562,0.0,12.6048,1200,1.0,0.0,30,True
2026-06-15 10:56:31,13,1,H,True,1239,294,4.0,3.5,43.0,15.0,8,5,100|200|400|600|800,1.8407,800,elbow,400,0.1307,F100:0.0000  F200:0.0955  F400:0.1307  F600:0.0855  F800:0.0000,0.0697,1.5736,0.6883,6.2779,0.0314,0.1027,2.7027,0.9549,10.6942,0.0312,0.1097,1.3054,800,0.1221,3.4143,1.0267,13.5051,400,1.0,77.2,48,False
2026-06-15 10:56:31,13,1,V,True,1239,294,4.0,3.5,43.0,15.0,15,15,100|200|400|600|800|1000|1200|1400|1600|1800|2000|2500|3000|4000|4500,0.0003,4500,flat_terrain_default,1400,0.0,,0.0139,2.7027,0.0,10.6942,0.0312,0.0142,2.7027,0.0,10.6942,0.0312,0.2429,1.3054,4500,0.0142,2.7027,0.0,10.6942,1400,1.0,0.4,30,True
2026-06-15 10:56:31,13,2,H,True,158,113,4.5,3.5,38.0,15.0,5,2,100|200,0.7505,200,highest_safe,200,0.0,,0.1225,1.9244,1.5419,7.1078,0.0958,0.1551,2.6749,1.7455,9.3895,0.0957,0.0934,0.4441,200,0.1551,2.6749,1.7455,9.3895,200,1.0,76.4,21,True
2026-06-15 10:56:31,13,2,V,True,158,113,4.5,3.5,38.0,15.0,15,15,100|200|400|600|800|1000|1200|1400|1600|1800|2000|2500|3000|4000|4500,0.0126,4500,flat_terrain_default,1400,0.0,,0.0403,2.6749,0.0,9.3895,0.0957,0.0529,2.6749,0.0,9.3895,0.0957,0.5004,0.4441,4500,0.0529,2.6749,0.0,9.3895,1400,1.0,1.2,30,True
2026-06-15 10:56:31,13,3,H,True,4579,355,3.5,3.8,23.0,22.0,6,3,100|200|400,1.5145,400,elbow,200,0.0668,F100:0.0000  F200:0.0668  F400:0.0000,0.0783,1.7583,0.6785,6.971,0.0875,0.0999,2.4061,0.7563,9.5595,0.0858,0.0686,0.7929,400,0.1309,3.2728,0.9714,12.958,200,1.0,63.3,35,False
2026-06-15 10:56:31,13,3,V,True,4579,355,3.5,3.8,23.0,22.0,15,15,100|200|400|600|800|1000|1200|1400|1600|1800|2000|2500|3000|4000|4500,-0.0018,4500,flat_terrain_default,1400,0.0,,0.1318,2.4061,0.0,9.5595,0.0858,0.1329,2.4061,0.0,9.5595,0.0858,2.5005,0.7929,4500,0.1301,2.4061,0.0,9.5595,1400,1.0,3.8,30,True
2026-06-15 10:56:31,13,4,H,True,8322,368,3.5,3.8,20.0,22.0,6,3,100|200|400,1.5836,400,elbow,200,0.067,F100:0.0000  F200:0.0670  F400:0.0000,0.0764,1.8129,0.5723,7.0431,0.0868,0.0984,2.491,0.7408,9.8806,0.0857,0.0585,0.7029,400,0.1311,3.3966,0.9552,13.3479,200,1.0,65.6,35,False
2026-06-15 10:56:31,13,4,V,True,8322,368,3.5,3.8,20.0,22.0,15,15,100|200|400|600|800|1000|1200|1400|1600|1800|2000|2500|3000|4000|4500,-0.0025,4500,flat_terrain_default,1400,0.0,,0.3607,2.491,0.0,9.8806,0.0857,0.3609,2.491,0.0,9.8806,0.0857,6.9134,0.7029,4500,0.3582,2.491,0.0,9.8806,1400,1.0,10.3,30,True
2026-06-15 10:56:31,13,5,H,True,13081,374,4.0,5.0,23.0,15.0,6,3,100|200|400,1.756,400,elbow,200,0.0621,F100:0.0000  F200:0.0621  F400:0.0000,0.1091,1.884,0.8723,7.5295,0.1567,0.1446,2.6236,1.0508,10.2261,0.1545,0.1097,0.5882,400,0.2008,3.64,1.4975,13.5221,200,1.0,52.5,35,False
2026-06-15 10:56:31,13,5,V,True,13081,374,4.0,5.0,23.0,15.0,15,15,100|200|400|600|800|1000|1200|1400|1600|1800|2000|2500|3000|4000|4500,0.0,4500,flat_terrain_default,1200,0.0,,0.0,2.6236,0.0,10.2261,0.1545,0.0,2.6236,0.0,10.2261,0.1545,0.0,0.5882,4500,0.0,2.6236,0.0,10.2261,1200,1.0,0.0,30,True
2026-06-15 10:56:31,13,6,H,True,6183,362,4.0,5.5,23.0,15.0,6,3,100|200|400,1.8101,400,elbow,200,0.0623,F100:0.0000  F200:0.0623  F400:0.0000,0.1346,1.9338,1.2584,7.8833,0.1912,0.1771,2.6967,1.5439,10.4865,0.1873,0.132,0.4284,400,0.2399,3.7439,1.8948,13.9899,200,1.0,49.0,35,False
2026-06-15 10:56:31,13,6,V,True,6183,362,4.0,5.5,23.0,15.0,15,15,100|200|400|600|800|1000|1200|1400|1600|1800|2000|2500|3000|4000|4500,0.0,4500,flat_terrain_default,1200,0.0,,0.0,2.6967,0.0,10.4865,0.1873,0.0,2.6967,0.0,10.4865,0.1873,0.0,0.4284,4500,0.0,2.6967,0.0,10.4865,1200,1.0,0.0,30,True
2026-06-15 10:56:31,13,7,H,True,33795,380,4.0,5.5,23.0,20.0,7,4,100|200|400|600,2.6454,600,elbow,400,0.0687,F100:0.0000  F200:0.0659  F400:0.0687  F600:0.0000,0.1471,1.9403,1.269,9.3432,0.3283,0.2556,3.7846,2.1096,16.2199,0.312,0.194,0.6557,600,0.3057,4.5856,2.4143,19.3577,200,2.0,68.8,38,False
2026-06-15 10:56:31,13,7,V,True,33795,380,4.0,5.5,23.0,20.0,15,15,100|200|400|600|800|1000|1200|1400|1600|1800|2000|2500|3000|4000|4500,0.0,4500,flat_terrain_default,1200,0.0,,0.0,3.7846,0.0,16.2199,0.312,0.0,3.7846,0.0,16.2199,0.312,0.0,0.6557,4500,0.0,3.7846,0.0,16.2199,1200,1.0,0.0,30,True
2026-06-15 11:34:25,15,1,H,False,54,48,4.0,3.5,35.0,15.0,5,2,100|200,0.7345,200,highest_safe,200,0.0,,0.2579,1.8457,3.4324,5.869,0.1062,0.3268,2.5802,4.3302,9.1483,0.1071,0.3924,0.7527,200,0.3268,2.5802,4.3302,9.1483,400,0.5,73.7,20,True
2026-06-15 11:34:25,15,1,V,False,54,48,4.0,3.5,35.0,15.0,15,15,100|200|400|600|800|1000|1200|1400|1600|1800|2000|2500|3000|4000|4500,-0.0186,4500,flat_terrain_default,1400,0.0,,0.3749,2.5802,0.0,9.1483,0.1071,0.3586,2.5802,0.0,9.1483,0.1071,2.4584,0.7527,4500,0.3563,2.5802,0.0,9.1483,1400,1.0,9.0,30,True
2026-06-15 11:34:25,15,2,H,False,31,29,4.5,3.5,30.0,15.0,5,2,100|200,0.7358,200,highest_safe,200,0.0,,0.2572,1.8962,3.2603,7.4851,0.1815,0.3728,2.632,4.4607,10.4315,0.1827,0.4521,0.6233,200,0.3728,2.632,4.4607,10.4315,200,1.0,75.2,20,True
2026-06-15 11:34:25,15,2,V,False,31,29,4.5,3.5,30.0,15.0,15,15,100|200|400|600|800|1000|1200|1400|1600|1800|2000|2500|3000|4000|4500,0.0091,4500,flat_terrain_default,1400,0.0,,0.0644,2.632,0.0,10.4315,0.1827,0.0735,2.632,0.0,10.4315,0.1827,0.389,0.6233,4500,0.0735,2.632,0.0,10.4315,1400,1.0,1.6,30,True
2026-06-15 11:34:25,15,3,H,False,322,176,3.5,3.8,15.0,22.0,6,3,100|200|400,1.6178,400,elbow,200,0.0637,F100:0.0000  F200:0.0637  F400:0.0000,0.1217,1.8231,1.7695,6.9356,0.1306,0.1569,2.5082,1.9674,9.1809,0.13,0.1568,0.7272,400,0.2187,3.4409,2.457,13.226,200,1.0,66.0,35,False
2026-06-15 11:34:25,15,3,V,False,322,176,3.5,3.8,15.0,22.0,15,15,100|200|400|600|800|1000|1200|1400|1600|1800|2000|2500|3000|4000|4500,0.0928,4500,elbow,1400,0.1307,F100:0.0000  F200:0.0353  F400:0.0756  F600:0.0992  F800:0.1140  F1000:0.1232  F1200:0.1284  F1400:0.1307  F1600:0.1305  F1800:0.1285  F2000:0.1248  F2500:0.1098  F3000:0.0887  F4000:0.0329  F4500:0.0000,0.0163,2.5082,0.0,9.1809,0.13,0.0608,2.5082,0.0,9.1809,0.13,0.5674,0.7272,4500,0.1091,2.5082,0.0,9.1809,1400,1.0,1.7,44,False
2026-06-15 11:34:25,15,4,H,False,404,198,3.5,3.8,12.0,22.0,6,3,100|200|400,1.6184,400,elbow,200,0.062,F100:0.0000  F200:0.0620  F400:0.0000,0.0927,1.7771,0.704,6.5338,0.1555,0.1173,2.4584,1.0008,8.9088,0.1545,0.0659,0.8329,400,0.1548,3.3955,1.2394,11.6972,200,1.0,64.7,35,False
2026-06-15 11:34:25,15,4,V,False,404,198,3.5,3.8,12.0,22.0,15,15,100|200|400|600|800|1000|1200|1400|1600|1800|2000|2500|3000|4000|4500,0.0,4500,flat_terrain_default,1400,0.0,,0.0,2.4584,0.0,8.9088,0.1545,0.0,2.4584,0.0,8.9088,0.1545,0.0,0.8329,4500,0.0,2.4584,0.0,8.9088,1400,1.0,0.0,30,True
2026-06-15 11:34:25,15,5,H,False,387,194,4.0,5.0,15.0,15.0,6,3,100|200|400,1.8925,400,elbow,200,0.059,F100:0.0000  F200:0.0590  F400:0.0000,0.1716,1.9379,1.3374,6.9254,0.635,0.2254,2.7267,1.9149,9.6211,0.6213,0.2432,0.501,400,0.3113,3.8304,2.7071,13.0497,200,1.0,54.5,34,False
2026-06-15 11:34:25,15,5,V,False,387,194,4.0,5.0,15.0,15.0,15,15,100|200|400|600|800|1000|1200|1400|1600|1800|2000|2500|3000|4000|4500,0.0485,4500,flat_terrain_default,1200,0.0,,0.0167,2.7267,0.0,9.6211,0.6213,0.0412,2.7267,0.0,9.6211,0.6213,0.4153,0.501,4500,0.0651,2.7267,0.0,9.6211,1200,1.0,1.0,30,True
2026-06-15 11:34:25,15,6,H,False,179,123,4.0,5.5,15.0,15.0,5,2,100|200,0.8032,200,highest_safe,200,0.0,,0.2161,1.9678,1.8213,7.6747,0.6907,0.289,2.7709,2.5956,10.6844,0.6711,0.3694,0.3947,200,0.289,2.7709,2.5956,10.6844,200,1.0,50.4,22,True
2026-06-15 11:34:25,15,6,V,False,179,123,4.0,5.5,15.0,15.0,15,15,100|200|400|600|800|1000|1200|1400|1600|1800|2000|2500|3000|4000|4500,0.0,4500,flat_terrain_default,1200,0.0,,0.0,2.7709,0.0,10.6844,0.6711,0.0,2.7709,0.0,10.6844,0.6711,0.0,0.3947,4500,0.0,2.7709,0.0,10.6844,1200,1.0,0.0,30,True
2026-06-15 11:34:25,15,7,H,False,712,250,4.0,5.5,15.0,20.0,8,5,100|200|400|600|800,3.2782,800,elbow,400,0.0857,F100:0.0000  F200:0.0607  F400:0.0857  F600:0.0569  F800:0.0000,0.2135,1.8747,2.074,8.1417,0.6847,0.3844,3.6769,3.8489,14.4772,0.6475,0.3936,1.0142,800,0.5521,5.1528,5.3722,19.7716,200,2.0,66.9,43,False
2026-06-15 11:34:25,15,7,V,False,712,250,4.0,5.5,15.0,20.0,15,15,100|200|400|600|800|1000|1200|1400|1600|1800|2000|2500|3000|4000|4500,0.0,4500,flat_terrain_default,1200,0.0,,0.0,3.6769,0.0,14.4772,0.6475,0.0,3.6769,0.0,14.4772,0.6475,0.0,1.0142,4500,0.0,3.6769,0.0,14.4772,1200,1.0,0.0,30,True
2026-06-15 11:56:11,16,1,H,True,5855,361,4.0,3.5,43.0,15.0,5,2,100|200,0.7523,200,highest_safe,200,0.0,,0.4129,1.8921,4.1107,8.2981,1.1937,0.5483,2.6444,5.3522,11.2911,1.1384,0.4241,0.601,200,0.5483,2.6444,5.3522,11.2911,400,0.5,75.6,21,True
2026-06-15 11:56:11,16,1,V,True,5855,361,4.0,3.5,43.0,15.0,15,15,100|200|400|600|800|1000|1200|1400|1600|1800|2000|2500|3000|4000|4500,0.0002,4500,flat_terrain_default,1400,0.0,,1.8455,2.6444,0.0,11.2911,1.1384,1.8455,2.6444,0.0,11.2911,1.1384,35.0167,0.601,4500,1.8457,2.6444,0.0,11.2911,1400,1.0,46.1,30,True
2026-06-15 11:56:11,16,2,H,True,135,101,4.5,3.5,38.0,15.0,6,3,100|200|400,1.4834,400,elbow,200,0.073,F100:0.0000  F200:0.0730  F400:0.0000,0.1061,1.8252,1.155,6.0151,0.0894,0.1294,2.4727,1.2043,8.4393,0.0892,0.1227,0.6373,400,0.1688,3.3086,1.4598,11.5931,200,1.0,70.6,36,False
2026-06-15 11:56:11,16,2,V,True,135,101,4.5,3.5,38.0,15.0,15,15,100|200|400|600|800|1000|1200|1400|1600|1800|2000|2500|3000|4000|4500,0.0,4500,flat_terrain_default,1400,0.0,,0.0,2.4727,0.0,8.4393,0.0892,0.0,2.4727,0.0,8.4393,0.0892,0.0,0.6373,4500,0.0,2.4727,0.0,8.4393,1400,1.0,0.0,30,True
2026-06-15 11:56:11,16,3,H,True,1970,322,3.5,3.8,23.0,22.0,7,4,100|200|400|600,1.925,600,elbow,400,0.0757,F100:0.0000  F200:0.0730  F400:0.0757  F600:0.0000,0.0755,1.6337,0.5717,6.2837,0.1104,0.1275,2.9947,0.9487,11.1141,0.1091,0.1257,1.4452,600,0.1535,3.5587,1.1996,13.8558,200,2.0,78.8,39,False
2026-06-15 11:56:11,16,3,V,True,1970,322,3.5,3.8,23.0,22.0,15,15,100|200|400|600|800|1000|1200|1400|1600|1800|2000|2500|3000|4000|4500,0.0,4500,flat_terrain_default,1400,0.0,,0.0,2.9947,0.0,11.1141,0.1091,0.0,2.9947,0.0,11.1141,0.1091,0.0,1.4452,4500,0.0,2.9947,0.0,11.1141,1400,1.0,0.0,30,True
2026-06-15 11:56:11,16,4,H,True,1940,321,3.5,3.8,20.0,22.0,9,6,100|200|400|600|800|1000,2.2776,1000,elbow,400,0.1074,F100:0.0000  F200:0.0678  F400:0.1074  F600:0.0950  F800:0.0553  F1000:0.0000,0.0643,1.4298,0.5433,6.5921,0.1179,0.1061,2.535,0.8591,12.2591,0.1153,0.1313,1.6001,1000,0.168,3.7074,1.441,18.3166,200,2.0,66.7,48,False
2026-06-15 11:56:11,16,4,V,True,1940,321,3.5,3.8,20.0,22.0,15,15,100|200|400|600|800|1000|1200|1400|1600|1800|2000|2500|3000|4000|4500,0.0,4500,flat_terrain_default,1400,0.0,,0.0,2.535,0.0,12.2591,0.1153,0.0,2.535,0.0,12.2591,0.1153,0.0,1.6001,4500,0.0,2.535,0.0,12.2591,1400,1.0,0.0,30,True
2026-06-15 11:56:11,16,5,H,True,5940,361,4.0,5.0,23.0,15.0,6,3,100|200|400,1.4148,400,elbow,200,0.0682,F100:0.0000  F200:0.0682  F400:0.0000,0.1011,1.6563,0.7798,7.6453,0.2512,0.1341,2.2643,1.0074,10.3815,0.2461,0.1697,0.8991,400,0.1881,3.0712,1.3453,13.6515,200,1.0,45.3,35,False
2026-06-15 11:56:11,16,5,V,True,5940,361,4.0,5.0,23.0,15.0,15,15,100|200|400|600|800|1000|1200|1400|1600|1800|2000|2500|3000|4000|4500,0.0214,4500,flat_terrain_default,1200,0.0,,0.0038,2.2643,0.0,10.3815,0.2461,0.013,2.2643,0.0,10.3815,0.2461,0.2468,0.8991,4500,0.0252,2.2643,0.0,10.3815,1200,1.0,0.3,30,True
2026-06-15 11:56:11,16,6,H,True,3446,346,4.0,5.5,23.0,15.0,6,3,100|200|400,1.6542,400,elbow,200,0.0619,F100:0.0000  F200:0.0619  F400:0.0000,0.1746,1.8271,2.0533,8.0066,0.4782,0.2299,2.5231,2.7061,10.4534,0.4666,0.2325,0.7232,400,0.3273,3.4812,3.8768,14.4232,200,1.0,45.9,35,False
2026-06-15 11:56:11,16,6,V,True,3446,346,4.0,5.5,23.0,15.0,15,15,100|200|400|600|800|1000|1200|1400|1600|1800|2000|2500|3000|4000|4500,0.023,4500,flat_terrain_default,1200,0.0,,0.004,2.5231,0.0,10.4534,0.4666,0.0139,2.5231,0.0,10.4534,0.4666,0.259,0.7232,4500,0.027,2.5231,0.0,10.4534,1200,1.0,0.3,30,True
2026-06-15 12:06:16,17,1,H,False,2132,326,4.0,3.5,35.0,15.0,9,6,100|200|400|600|800|1000,1.8315,1000,elbow,400,0.1331,F100:0.0000  F200:0.0851  F400:0.1331  F600:0.1179  F800:0.0702  F1000:0.0000,0.0635,1.4125,0.9802,5.8524,0.0304,0.0907,2.3678,1.2199,11.1136,0.0308,0.1324,1.457,1000,0.117,3.244,1.2987,14.7254,400,1.0,67.7,51,False
2026-06-15 12:06:16,17,1,V,False,2132,326,4.0,3.5,35.0,15.0,15,15,100|200|400|600|800|1000|1200|1400|1600|1800|2000|2500|3000|4000|4500,0.0127,4500,flat_terrain_default,1400,0.0,,0.0274,2.3678,0.0,11.1136,0.0308,0.0319,2.3678,0.0,11.1136,0.0308,0.5744,1.457,4500,0.0401,2.3678,0.0,11.1136,1400,1.0,0.8,30,True
2026-06-15 12:06:16,17,2,H,False,152,110,4.5,3.5,30.0,15.0,6,3,100|200|400,1.3319,400,elbow,200,0.071,F100:0.0000  F200:0.0710  F400:0.0000,0.077,1.6903,1.1354,6.2779,0.0613,0.0932,2.268,1.2544,8.4464,0.0615,0.0678,0.7644,400,0.1185,3.0223,1.3618,11.3785,200,1.0,64.8,36,False
2026-06-15 12:06:16,17,2,V,False,152,110,4.5,3.5,30.0,15.0,15,15,100|200|400|600|800|1000|1200|1400|1600|1800|2000|2500|3000|4000|4500,0.0,4500,flat_terrain_default,1400,0.0,,0.0,2.268,0.0,8.4464,0.0615,0.0,2.268,0.0,8.4464,0.0615,0.0,0.7644,4500,0.0,2.268,0.0,8.4464,1400,1.0,0.0,30,True
2026-06-15 12:06:16,17,3,H,False,4968,357,3.5,3.8,15.0,22.0,9,6,100|200|400|600|800|1000,2.168,1000,elbow,400,0.1256,F100:0.0000  F200:0.0806  F400:0.1256  F600:0.1076  F800:0.0619  F1000:0.0000,0.0518,1.4945,0.4095,6.6585,0.0611,0.0778,2.6024,0.608,12.025,0.0599,0.0763,1.4035,1000,0.1091,3.6625,0.8454,17.6889,200,2.0,68.5,50,False
2026-06-15 12:06:16,17,3,V,False,4968,357,3.5,3.8,15.0,22.0,15,15,100|200|400|600|800|1000|1200|1400|1600|1800|2000|2500|3000|4000|4500,0.0224,4500,flat_terrain_default,1400,0.0,,0.0039,2.6024,0.0,12.025,0.0599,0.0147,2.6024,0.0,12.025,0.0599,0.2774,1.4035,4500,0.0264,2.6024,0.0,12.025,1400,1.0,0.4,30,True
2026-06-15 12:06:16,17,4,H,False,8089,367,3.5,3.8,12.0,22.0,10,7,100|200|400|600|800|1000|1200,2.211,1200,elbow,400,0.129,F100:0.0000  F200:0.0783  F400:0.1290  F600:0.1258  F800:0.0979  F1000:0.0542  F1200:0.0000,0.0457,1.3884,0.4074,6.8322,0.0494,0.0725,2.3947,0.6359,11.4037,0.0479,0.069,1.5052,1200,0.1125,3.5994,1.0059,18.4834,200,2.0,63.0,53,False
2026-06-15 12:06:16,17,4,V,False,8089,367,3.5,3.8,12.0,22.0,15,15,100|200|400|600|800|1000|1200|1400|1600|1800|2000|2500|3000|4000|4500,0.0,4500,flat_terrain_default,1400,0.0,,0.0,2.3947,0.0,11.4037,0.0479,0.0,2.3947,0.0,11.4037,0.0479,0.0,1.5052,4500,0.0,2.3947,0.0,11.4037,1400,1.0,0.0,30,True
2026-06-15 12:06:16,17,5,H,False,13955,374,4.0,5.0,15.0,15.0,7,4,100|200|400|600,1.2648,600,elbow,200,0.0848,F100:0.0000  F200:0.0848  F400:0.0837  F600:0.0000,0.0531,1.2955,0.543,6.6834,0.0691,0.0657,1.7001,0.6643,8.9048,0.0694,0.0612,1.0285,600,0.1022,2.5603,1.0187,13.8336,200,1.0,34.0,40,False
2026-06-15 12:06:16,17,5,V,False,13955,374,4.0,5.0,15.0,15.0,15,15,100|200|400|600|800|1000|1200|1400|1600|1800|2000|2500|3000|4000|4500,0.0216,4500,flat_terrain_default,1200,0.0,,0.0038,1.7001,0.0,8.9048,0.0694,0.0131,1.7001,0.0,8.9048,0.0694,0.2534,1.0285,4500,0.0254,1.7001,0.0,8.9048,1200,1.0,0.3,30,True
2026-06-15 12:06:16,17,6,H,False,4791,356,4.0,5.5,15.0,15.0,6,3,100|200|400,1.023,400,elbow,200,0.0703,F100:0.0000  F200:0.0703  F400:0.0000,0.0664,1.3819,0.6382,8.28,0.1172,0.0848,1.8246,0.871,10.8647,0.1154,0.0802,1.0114,400,0.11,2.4048,1.1473,14.6211,200,1.0,33.2,36,False
2026-06-15 12:06:16,17,6,V,False,4791,356,4.0,5.5,15.0,15.0,15,15,100|200|400|600|800|1000|1200|1400|1600|1800|2000|2500|3000|4000|4500,0.0,4500,flat_terrain_default,1200,0.0,,0.0,1.8246,0.0,10.8647,0.1154,0.0,1.8246,0.0,10.8647,0.1154,0.0,1.0114,4500,0.0,1.8246,0.0,10.8647,1200,1.0,0.0,30,True
2026-06-15 12:06:16,17,7,H,False,54719,382,4.0,5.5,15.0,20.0,7,4,100|200|400|600,1.2858,600,elbow,400,0.0848,F100:0.0000  F200:0.0830  F400:0.0848  F600:0.0000,0.0772,1.3169,0.8233,9.764,0.1401,0.1238,2.2426,1.3661,16.7142,0.1325,0.1255,1.5364,600,0.1433,2.6027,1.5211,19.185,200,2.0,40.8,40,False
2026-06-15 12:06:16,17,7,V,False,54719,382,4.0,5.5,15.0,20.0,15,15,100|200|400|600|800|1000|1200|1400|1600|1800|2000|2500|3000|4000|4500,0.0,4500,flat_terrain_default,1200,0.0,,0.0,2.2426,0.0,16.7142,0.1325,0.0,2.2426,0.0,16.7142,0.1325,0.0,1.5364,4500,0.0,2.2426,0.0,16.7142,1200,1.0,0.0,30,True
2026-06-15 13:08:13,19,1,H,False,784,259,4.0,3.5,35.0,15.0,10,7,100|200|400|600|800|1000|1200,1.8148,1200,elbow,400,0.1555,F100:0.0000  F200:0.0937  F400:0.1555  F600:0.1494  F800:0.1149  F1000:0.0639  F1200:0.0000,0.0522,1.392,0.584,5.506,0.0213,0.0768,2.286,0.6641,10.152,0.0212,0.0736,1.2763,1200,0.1063,3.2068,0.8687,14.4493,400,1.0,65.3,56,False
2026-06-15 13:08:13,19,1,V,False,784,259,4.0,3.5,35.0,15.0,15,15,100|200|400|600|800|1000|1200|1400|1600|1800|2000|2500|3000|4000|4500,0.0277,4500,flat_terrain_default,1400,0.0,,0.4169,2.286,0.0,10.152,0.0212,0.4318,2.286,0.0,10.152,0.0212,6.6091,1.2763,4500,0.4445,2.286,0.0,10.152,1400,1.0,10.8,30,True
2026-06-15 13:08:13,19,3,H,False,4242,353,3.5,3.8,15.0,22.0,10,7,100|200|400|600|800|1000|1200,2.2614,1200,elbow,400,0.1329,F100:0.0000  F200:0.0836  F400:0.1329  F600:0.1283  F800:0.0982  F1000:0.0541  F1200:0.0000,0.0626,1.4695,0.5697,6.1273,0.0424,0.0955,2.5112,0.774,10.691,0.0398,0.1079,1.3559,1200,0.1445,3.7309,1.1682,16.6067,200,2.0,66.1,54,False
2026-06-15 13:08:13,19,3,V,False,4242,353,3.5,3.8,15.0,22.0,15,15,100|200|400|600|800|1000|1200|1400|1600|1800|2000|2500|3000|4000|4500,-0.0024,4500,flat_terrain_default,1400,0.0,,0.4959,2.5112,0.0,10.691,0.0398,0.4956,2.5112,0.0,10.691,0.0398,9.2992,1.3559,4500,0.4934,2.5112,0.0,10.691,1400,1.0,14.2,30,True
2026-06-15 13:08:13,19,4,H,False,4749,356,3.5,3.8,12.0,22.0,12,9,100|200|400|600|800|1000|1200|1400|1600,2.3582,1600,elbow,600,0.1442,F100:0.0000  F200:0.0752  F400:0.1325  F600:0.1442  F800:0.1347  F1000:0.1127  F1200:0.0813  F1400:0.0434  F1600:0.0000,0.0581,1.3992,0.4686,6.2985,0.0518,0.1018,2.6661,0.8934,12.8645,0.0491,0.1207,1.8079,1600,0.1595,3.7574,1.4169,20.3195,200,3.0,70.2,61,False
2026-06-15 13:08:13,19,4,V,False,4749,356,3.5,3.8,12.0,22.0,15,15,100|200|400|600|800|1000|1200|1400|1600|1800|2000|2500|3000|4000|4500,-0.0047,4500,flat_terrain_default,1400,0.0,,0.2989,2.6661,0.0,12.8645,0.0491,0.2986,2.6661,0.0,12.8645,0.0491,5.6252,1.8079,4500,0.2942,2.6661,0.0,12.8645,1400,1.0,8.5,30,True
2026-06-15 13:08:13,19,5,H,False,12555,373,4.0,5.0,15.0,15.0,8,5,100|200|400|600|800,1.2029,800,elbow,400,0.1216,F100:0.0000  F200:0.0928  F400:0.1216  F600:0.0775  F800:0.0000,0.0542,1.2793,0.4648,6.0599,0.0491,0.0826,2.0017,0.7368,10.4633,0.0476,0.0886,1.3525,800,0.1082,2.4822,1.003,14.3476,200,2.0,40.0,47,False
2026-06-15 13:08:13,19,5,V,False,12555,373,4.0,5.0,15.0,15.0,15,15,100|200|400|600|800|1000|1200|1400|1600|1800|2000|2500|3000|4000|4500,-0.0008,4500,flat_terrain_default,1200,0.0,,0.5056,2.0017,0.0,10.4633,0.0476,0.5048,2.0017,0.0,10.4633,0.0476,9.7369,1.3525,4500,0.5048,2.0017,0.0,10.4633,1200,1.0,12.6,30,True
2026-06-15 13:08:13,19,6,H,False,13007,374,4.0,5.5,15.0,15.0,7,4,100|200|400|600,1.0002,600,elbow,200,0.0892,F100:0.0000  F200:0.0892  F400:0.0856  F600:0.0000,0.0676,1.3149,0.5441,6.9061,0.0651,0.0819,1.6412,0.7379,9.1048,0.0644,0.0699,0.8808,600,0.1254,2.3151,1.0918,14.4225,200,1.0,29.8,40,False
2026-06-15 13:08:13,19,6,V,False,13007,374,4.0,5.5,15.0,15.0,15,15,100|200|400|600|800|1000|1200|1400|1600|1800|2000|2500|3000|4000|4500,0.0,4500,flat_terrain_default,1200,0.0,,0.0,1.6412,0.0,9.1048,0.0644,0.0,1.6412,0.0,9.1048,0.0644,0.0,0.8808,4500,0.0,1.6412,0.0,9.1048,1200,1.0,0.0,30,True
2026-06-15 13:08:13,19,7,H,False,46954,382,4.0,5.5,15.0,20.0,15,12,100|200|400|600|800|1000|1200|1400|1600|1800|2000|2500,1.8261,2500,elbow,800,0.1835,F100:0.0000  F200:0.0824  F400:0.1504  F600:0.1766  F800:0.1835  F1000:0.1782  F1200:0.1648  F1400:0.1467  F1600:0.1249  F1800:0.1004  F2000:0.0737  F2500:0.0000,0.0782,1.2275,0.6686,6.0225,0.0662,0.1451,2.2339,1.3177,13.1671,0.0602,0.1815,1.8701,2500,0.2221,3.0536,2.165,19.359,200,4.0,40.6,68,False
2026-06-15 13:08:13,19,7,V,False,46954,382,4.0,5.5,15.0,20.0,15,15,100|200|400|600|800|1000|1200|1400|1600|1800|2000|2500|3000|4000|4500,0.0,4500,flat_terrain_default,1200,0.0,,0.0,2.2326,0.0,12.8555,0.0597,0.0,2.2326,0.0,12.8555,0.0597,0.0,1.8632,4500,0.0,2.2326,0.0,12.8555,1200,1.0,0.0,30,True
2026-06-15 12:55:00,18,1,H,False,1312,298,4.0,3.5,35.0,15.0,8,5,100|200|400|600|800,1.7754,800,elbow,400,0.1269,F100:0.0000  F200:0.0949  F400:0.1269  F600:0.0820  F800:0.0000,0.0741,1.5074,1.2899,6.4123,0.0287,0.1055,2.5869,1.3498,11.27,0.029,0.0993,1.3651,800,0.1291,3.2828,1.4375,14.704,400,1.0,73.9,47,False
2026-06-15 12:55:00,18,1,V,False,1312,298,4.0,3.5,35.0,15.0,15,15,100|200|400|600|800|1000|1200|1400|1600|1800|2000|2500|3000|4000|4500,-0.0051,4500,flat_terrain_default,1400,0.0,,0.2706,2.5869,0.0,11.27,0.029,0.2686,2.5869,0.0,11.27,0.029,4.6289,1.3651,4500,0.2656,2.5869,0.0,11.27,1400,1.0,6.7,30,True
2026-06-15 12:55:00,18,2,H,False,281,163,4.5,3.5,30.0,15.0,7,4,100|200|400|600,1.7795,600,elbow,200,0.0845,F100:0.0000  F200:0.0845  F400:0.0840  F600:0.0000,0.0813,1.6647,1.1988,6.6486,0.0417,0.097,2.2333,1.3436,8.5157,0.041,0.0829,0.7963,600,0.1342,3.4442,1.5863,12.6957,200,1.0,63.8,40,False
2026-06-15 12:55:00,18,2,V,False,281,163,4.5,3.5,30.0,15.0,15,15,100|200|400|600|800|1000|1200|1400|1600|1800|2000|2500|3000|4000|4500,0.049,4500,flat_terrain_default,1400,0.0,,0.0086,2.2333,0.0,8.5157,0.041,0.0321,2.2333,0.0,8.5157,0.041,0.4091,0.7963,4500,0.0576,2.2333,0.0,8.5157,1400,1.0,0.7,30,True
2026-06-15 12:55:00,18,3,H,False,3365,345,3.5,3.8,15.0,22.0,8,5,100|200|400|600|800,2.0573,800,elbow,400,0.1101,F100:0.0000  F200:0.0800  F400:0.1101  F600:0.0720  F800:0.0000,0.0666,1.5797,0.641,6.6317,0.0556,0.1042,2.7818,0.9106,11.3615,0.0545,0.0907,1.3477,800,0.1367,3.637,1.0666,14.9816,200,2.0,73.2,46,False
2026-06-15 12:55:00,18,3,V,False,3365,345,3.5,3.8,15.0,22.0,15,15,100|200|400|600|800|1000|1200|1400|1600|1800|2000|2500|3000|4000|4500,0.0236,4500,flat_terrain_default,1400,0.0,,0.0041,2.7818,0.0,11.3615,0.0545,0.0154,2.7818,0.0,11.3615,0.0545,0.2864,1.3477,4500,0.0277,2.7818,0.0,11.3615,1400,1.0,0.4,30,True
2026-06-15 12:55:00,18,4,H,False,4152,352,3.5,3.8,12.0,22.0,9,6,100|200|400|600|800|1000,2.1955,1000,elbow,400,0.1293,F100:0.0000  F200:0.0827  F400:0.1293  F600:0.1116  F800:0.0647  F1000:0.0000,0.0606,1.5353,0.6034,7.6154,0.0628,0.0963,2.6685,0.9738,13.3601,0.0594,0.0809,1.3314,1000,0.136,3.7308,1.2553,19.1802,200,2.0,70.2,50,False
2026-06-15 12:55:00,18,4,V,False,4152,352,3.5,3.8,12.0,22.0,15,15,100|200|400|600|800|1000|1200|1400|1600|1800|2000|2500|3000|4000|4500,0.0,4500,flat_terrain_default,1400,0.0,,0.0,2.6685,0.0,13.3601,0.0594,0.0,2.6685,0.0,13.3601,0.0594,0.0,1.3314,4500,0.0,2.6685,0.0,13.3601,1400,1.0,0.0,30,True
2026-06-15 12:55:00,18,5,H,False,10496,371,4.0,5.0,15.0,15.0,6,3,100|200|400,1.1273,400,elbow,200,0.0764,F100:0.0000  F200:0.0764  F400:0.0000,0.0752,1.512,0.8338,8.0236,0.1191,0.0971,2.0096,0.9945,10.7034,0.1154,0.0998,0.9167,400,0.1302,2.6393,1.2356,14.6688,200,1.0,40.2,36,False
2026-06-15 12:55:00,18,5,V,False,10496,371,4.0,5.0,15.0,15.0,15,15,100|200|400|600|800|1000|1200|1400|1600|1800|2000|2500|3000|4000|4500,0.0218,4500,flat_terrain_default,1200,0.0,,0.0038,2.0096,0.0,10.7034,0.1154,0.0132,2.0096,0.0,10.7034,0.1154,0.2546,0.9167,4500,0.0256,2.0096,0.0,10.7034,1200,1.0,0.3,30,True
2026-06-15 12:55:00,18,6,H,False,7158,365,4.0,5.5,15.0,15.0,5,2,100|200,0.4207,200,highest_safe,200,0.0,,0.0829,1.3701,1.0258,8.4887,0.1275,0.1023,1.7908,1.3502,11.4518,0.124,0.1006,1.0179,200,0.1023,1.7908,1.3502,11.4518,200,1.0,32.6,14,True
2026-06-15 12:55:00,18,6,V,False,7158,365,4.0,5.5,15.0,15.0,15,15,100|200|400|600|800|1000|1200|1400|1600|1800|2000|2500|3000|4000|4500,0.0,4500,flat_terrain_default,1200,0.0,,0.0,1.7914,0.0,11.4102,0.1236,0.0,1.7914,0.0,11.4102,0.1236,0.0,1.0165,4500,0.0,1.7914,0.0,11.4102,1200,1.0,0.0,30,True
2026-06-15 12:55:00,18,7,H,False,31501,380,4.0,5.5,15.0,20.0,7,4,100|200|400|600,1.1707,600,elbow,200,0.0851,F100:0.0000  F200:0.0851  F400:0.0813  F600:0.0000,0.0681,1.2662,0.7317,8.9354,0.1327,0.0845,1.6412,0.9156,12.3771,0.1299,0.0996,1.0262,600,0.128,2.437,1.3634,18.9597,200,1.0,29.8,40,False
2026-06-15 12:55:00,18,7,V,False,31501,380,4.0,5.5,15.0,20.0,15,15,100|200|400|600|800|1000|1200|1400|1600|1800|2000|2500|3000|4000|4500,0.0,4500,flat_terrain_default,1200,0.0,,0.0,1.6393,0.0,12.3732,0.1295,0.0,1.6393,0.0,12.3732,0.1295,0.0,1.0256,4500,0.0,1.6393,0.0,12.3732,1200,1.0,0.0,30,True
2026-06-15 13:08:27,20,1,H,False,853,266,4.0,3.5,35.0,15.0,9,6,100|200|400|600|800|1000,1.8106,1000,elbow,400,0.1358,F100:0.0000  F200:0.0855  F400:0.1358  F600:0.1195  F800:0.0704  F1000:0.0000,0.0591,1.3064,1.0416,5.599,0.0253,0.0843,2.2577,1.0616,10.1688,0.0254,0.0802,1.4954,1000,0.1143,3.117,1.2195,14.8105,400,1.0,64.5,51,False
2026-06-15 13:08:27,20,1,V,False,853,266,4.0,3.5,35.0,15.0,15,15,100|200|400|600|800|1000|1200|1400|1600|1800|2000|2500|3000|4000|4500,-0.0006,4500,flat_terrain_default,1400,0.0,,1.3234,2.2577,0.0,10.1688,0.0254,1.3227,2.2577,0.0,10.1688,0.0254,21.532,1.4954,4500,1.3228,2.2577,0.0,10.1688,1400,1.0,33.1,30,True
2026-06-15 13:08:27,20,2,H,False,566,230,4.5,3.5,30.0,15.0,8,5,100|200|400|600|800,1.7225,800,elbow,400,0.1162,F100:0.0000  F200:0.0840  F400:0.1162  F600:0.0750  F800:0.0000,0.0678,1.39,1.2015,5.8473,0.0331,0.1033,2.4113,1.4411,10.2928,0.0333,0.1022,1.4079,800,0.1299,3.1125,1.4883,14.4797,200,2.0,68.9,46,False
2026-06-15 13:08:27,20,2,V,False,566,230,4.5,3.5,30.0,15.0,15,15,100|200|400|600|800|1000|1200|1400|1600|1800|2000|2500|3000|4000|4500,-0.0043,4500,flat_terrain_default,1400,0.0,,0.6549,2.4113,0.0,10.2928,0.0333,0.6548,2.4113,0.0,10.2928,0.0333,9.9087,1.4079,4500,0.6506,2.4113,0.0,10.2928,1400,1.0,14.6,30,True
2026-06-15 13:08:27,20,3,H,False,2825,339,3.5,3.8,15.0,22.0,15,12,100|200|400|600|800|1000|1200|1400|1600|1800|2000|2500,2.3883,2500,elbow,800,0.1796,F100:0.0000  F200:0.0722  F400:0.1402  F600:0.1688  F800:0.1796  F1000:0.1789  F1200:0.1698  F1400:0.1530  F1600:0.1316  F1800:0.1066  F2000:0.0788  F2500:0.0000,0.0417,1.1572,0.3524,5.8503,0.0314,0.0789,2.4604,0.6603,13.0574,0.0293,0.0919,2.1901,2500,0.1182,3.5456,1.0585,21.2733,200,4.0,64.7,67,False
2026-06-15 13:08:27,20,3,V,False,2825,339,3.5,3.8,15.0,22.0,15,15,100|200|400|600|800|1000|1200|1400|1600|1800|2000|2500|3000|4000|4500,-0.0017,4500,flat_terrain_default,1400,0.0,,0.6468,2.4604,0.0,13.0574,0.0293,0.6465,2.4604,0.0,13.0574,0.0293,11.8851,2.1901,4500,0.6451,2.4604,0.0,13.0574,1400,1.0,18.5,30,True
2026-06-15 13:08:27,20,4,H,False,5213,358,3.5,3.8,12.0,22.0,15,13,100|200|400|600|800|1000|1200|1400|1600|1800|2000|2500|3000,2.3235,3000,elbow,1000,0.1816,F100:0.0000  F200:0.0685  F400:0.1354  F600:0.1669  F800:0.1804  F1000:0.1816  F1200:0.1769  F1400:0.1685  F1600:0.1558  F1800:0.1398  F2000:0.1211  F2500:0.0646  F3000:0.0000,0.0366,1.0596,0.3282,6.2141,0.0354,0.0773,2.3773,0.7852,14.0014,0.0327,0.0983,2.3894,3000,0.1247,3.3831,1.3076,21.954,200,5.0,62.6,68,False
2026-06-15 13:08:27,20,4,V,False,5213,358,3.5,3.8,12.0,22.0,15,15,100|200|400|600|800|1000|1200|1400|1600|1800|2000|2500|3000|4000|4500,0.0227,4500,flat_terrain_default,1400,0.0,,0.004,2.3773,0.0,14.0014,0.0327,0.0149,2.3773,0.0,14.0014,0.0327,0.2809,2.3894,4500,0.0267,2.3773,0.0,14.0014,1400,1.0,0.4,30,True
2026-06-15 13:08:27,20,5,H,False,22439,378,4.0,5.0,15.0,15.0,8,5,100|200|400|600|800,1.0282,800,elbow,400,0.0979,F100:0.0000  F200:0.0700  F400:0.0979  F600:0.0655  F800:0.0000,0.0407,0.9543,0.4002,6.2392,0.0533,0.0664,1.5374,0.7569,10.5141,0.0524,0.1065,1.5651,800,0.0854,1.9825,0.9645,14.1075,200,2.0,30.7,44,False
2026-06-15 13:08:27,20,5,V,False,22439,378,4.0,5.0,15.0,15.0,15,15,100|200|400|600|800|1000|1200|1400|1600|1800|2000|2500|3000|4000|4500,0.0,4500,flat_terrain_default,1200,0.0,,0.0,1.5374,0.0,10.5141,0.0524,0.0,1.5374,0.0,10.5141,0.0524,0.0,1.5651,4500,0.0,1.5374,0.0,10.5141,1200,1.0,0.0,30,True
2026-06-15 13:08:27,20,6,H,False,8910,369,4.0,5.5,15.0,15.0,6,3,100|200|400,0.59,400,elbow,200,0.0723,F100:0.0000  F200:0.0723  F400:0.0000,0.0433,0.9824,0.4849,8.1728,0.0711,0.0547,1.2394,0.6774,10.3902,0.0696,0.0641,1.0677,400,0.07,1.5723,0.8657,13.1266,200,1.0,22.5,27,False
2026-06-15 13:08:27,20,6,V,False,8910,369,4.0,5.5,15.0,15.0,15,15,100|200|400|600|800|1000|1200|1400|1600|1800|2000|2500|3000|4000|4500,0.0,4500,flat_terrain_default,1200,0.0,,0.0,1.2417,0.0,10.4239,0.0695,0.0,1.2417,0.0,10.4239,0.0695,0.0,1.0687,4500,0.0,1.2417,0.0,10.4239,1200,1.0,0.0,30,True
2026-06-15 13:08:27,20,7,H,False,68113,383,4.0,5.5,15.0,20.0,15,15,100|200|400|600|800|1000|1200|1400|1600|1800|2000|2500|3000|4000|4500,1.3522,4500,elbow,1200,0.203,F100:0.0000  F200:0.0760  F400:0.1419  F600:0.1737  F800:0.1909  F1000:0.1999  F1200:0.2030  F1400:0.2022  F1600:0.1979  F1800:0.1917  F2000:0.1837  F2500:0.1588  F3000:0.1261  F4000:0.0444  F4500:0.0000,0.0438,0.8747,0.3927,5.3683,0.0333,0.0889,1.6009,0.6496,7.8944,0.0278,0.1612,2.0425,4500,0.1501,2.2268,0.6753,7.8944,200,6.0,29.1,70,False
2026-06-15 13:08:27,20,7,V,False,68113,383,4.0,5.5,15.0,20.0,15,15,100|200|400|600|800|1000|1200|1400|1600|1800|2000|2500|3000|4000|4500,0.0,4500,flat_terrain_default,1200,0.0,,0.0,1.5969,0.0,7.8451,0.0277,0.0,1.5969,0.0,7.8451,0.0277,0.0,2.0382,4500,0.0,1.5969,0.0,7.8451,1200,1.0,0.0,30,True
2026-06-15 14:01:17,21,1,H,True,966,276,4.0,3.5,43.0,15.0,7,4,100|200|400|600,1.7277,600,elbow,400,0.0833,F100:0.0000  F200:0.0814  F400:0.0833  F600:0.0000,0.0829,1.5981,1.0848,6.1915,0.0445,0.1252,2.8382,1.207,11.8074,0.0462,0.1255,1.3956,600,0.1409,3.3258,1.2113,13.9029,400,1.0,81.1,40,False
2026-06-15 14:01:17,21,1,V,True,966,276,4.0,3.5,43.0,15.0,15,15,100|200|400|600|800|1000|1200|1400|1600|1800|2000|2500|3000|4000|4500,0.0029,4500,flat_terrain_default,1400,0.0,,0.2405,2.8382,0.0,11.8074,0.0462,0.2417,2.8382,0.0,11.8074,0.0462,4.0083,1.3956,4500,0.2434,2.8382,0.0,11.8074,1400,1.0,6.0,30,True
2026-06-15 14:01:17,21,2,H,True,390,194,4.5,3.5,38.0,15.0,7,4,100|200|400|600,1.7663,600,elbow,200,0.0886,F100:0.0000  F200:0.0886  F400:0.0883  F600:0.0000,0.0762,1.6262,0.8814,5.8848,0.0434,0.0932,2.2009,1.0381,8.5526,0.0438,0.0647,0.8829,600,0.1348,3.3925,1.2211,13.8007,200,1.0,62.9,40,False
2026-06-15 14:01:17,21,2,V,True,390,194,4.5,3.5,38.0,15.0,15,15,100|200|400|600|800|1000|1200|1400|1600|1800|2000|2500|3000|4000|4500,0.0,4500,flat_terrain_default,1400,0.0,,0.0,2.2009,0.0,8.5526,0.0438,0.0,2.2009,0.0,8.5526,0.0438,0.0,0.8829,4500,0.0,2.2009,0.0,8.5526,1400,1.0,0.0,30,True
2026-06-15 14:01:17,21,3,H,True,1764,316,3.5,3.8,23.0,22.0,6,3,100|200|400,1.6987,400,elbow,200,0.0655,F100:0.0000  F200:0.0655  F400:0.0000,0.091,1.8876,0.6604,7.1527,0.1197,0.1143,2.6112,0.8482,9.8609,0.1186,0.0709,0.5669,400,0.1526,3.5863,1.1556,12.6671,200,1.0,68.7,35,False
2026-06-15 14:01:17,21,3,V,True,1764,316,3.5,3.8,23.0,22.0,15,15,100|200|400|600|800|1000|1200|1400|1600|1800|2000|2500|3000|4000|4500,0.0,4500,flat_terrain_default,1400,0.0,,0.0,2.6112,0.0,9.8609,0.1186,0.0,2.6112,0.0,9.8609,0.1186,0.0,0.5669,4500,0.0,2.6112,0.0,9.8609,1400,1.0,0.0,30,True
2026-06-15 14:01:17,21,4,H,True,3299,345,3.5,3.8,20.0,22.0,6,3,100|200|400,1.758,400,elbow,200,0.0617,F100:0.0000  F200:0.0617  F400:0.0000,0.0855,1.8847,0.7422,6.7987,0.1543,0.1116,2.6241,0.9339,9.4501,0.1539,0.0662,0.5918,400,0.1543,3.6427,1.2528,12.7295,200,1.0,69.1,35,False
2026-06-15 14:01:17,21,4,V,True,3299,345,3.5,3.8,20.0,22.0,15,15,100|200|400|600|800|1000|1200|1400|1600|1800|2000|2500|3000|4000|4500,0.0,4500,flat_terrain_default,1400,0.0,,0.0,2.6241,0.0,9.4501,0.1539,0.0,2.6241,0.0,9.4501,0.1539,0.0,0.5918,4500,0.0,2.6241,0.0,9.4501,1400,1.0,0.0,30,True
2026-06-15 14:01:17,21,5,H,True,6350,363,4.0,5.0,23.0,15.0,6,3,100|200|400,1.8556,400,elbow,200,0.0598,F100:0.0000  F200:0.0598  F400:0.0000,0.0984,1.9381,0.7655,7.1628,0.2648,0.1375,2.7137,1.1644,9.6905,0.2621,0.0701,0.475,400,0.1973,3.7937,1.7317,13.2722,200,1.0,54.3,34,False
2026-06-15 14:01:17,21,5,V,True,6350,363,4.0,5.0,23.0,15.0,15,15,100|200|400|600|800|1000|1200|1400|1600|1800|2000|2500|3000|4000|4500,0.0,4500,flat_terrain_default,1200,0.0,,0.0,2.7137,0.0,9.6905,0.2621,0.0,2.7137,0.0,9.6905,0.2621,0.0,0.475,4500,0.0,2.7137,0.0,9.6905,1200,1.0,0.0,30,True
2026-06-15 14:01:17,21,6,H,True,8706,368,4.0,5.5,23.0,15.0,6,3,100|200|400,1.9567,400,elbow,200,0.0582,F100:0.0000  F200:0.0582  F400:0.0000,0.1115,1.9872,0.9635,7.0331,0.3975,0.1565,2.8006,1.315,9.779,0.3929,0.0615,0.2716,400,0.2389,3.9439,2.0974,13.3845,200,1.0,50.9,34,False
2026-06-15 14:01:17,21,6,V,True,8706,368,4.0,5.5,23.0,15.0,15,15,100|200|400|600|800|1000|1200|1400|1600|1800|2000|2500|3000|4000|4500,0.0,4500,flat_terrain_default,1200,0.0,,0.0,2.8006,0.0,9.779,0.3929,0.0,2.8006,0.0,9.779,0.3929,0.0,0.2716,4500,0.0,2.8006,0.0,9.779,1200,1.0,0.0,30,True
2026-06-15 14:01:17,21,7,H,True,25031,379,4.0,5.5,23.0,20.0,7,4,100|200|400|600,2.7848,600,elbow,400,0.0653,F100:0.0000  F200:0.0633  F400:0.0653  F600:0.0000,0.14,1.9857,1.3241,7.5522,0.6017,0.2865,3.9137,2.8152,14.7795,0.563,0.1814,0.4468,600,0.3738,4.7706,3.6927,17.569,200,2.0,71.2,38,False
2026-06-15 14:01:17,21,7,V,True,25031,379,4.0,5.5,23.0,20.0,15,15,100|200|400|600|800|1000|1200|1400|1600|1800|2000|2500|3000|4000|4500,0.0,4500,flat_terrain_default,1200,0.0,,0.0,3.9137,0.0,14.7795,0.563,0.0,3.9137,0.0,14.7795,0.563,0.0,0.4468,4500,0.0,3.9137,0.0,14.7795,1200,1.0,0.0,30,True
2026-06-15 14:57:19,22,1,H,False,912,271,4.0,3.5,35.0,15.0,11,8,100|200|400|600|800|1000|1200|1400,1.5746,1400,elbow,600,0.1737,F100:0.0000  F200:0.0961  F400:0.1642  F600:0.1737  F800:0.1516  F1000:0.1113  F1200:0.0597  F1400:0.0000,0.0588,1.2302,0.7723,5.2682,0.0225,0.0894,2.2226,0.9747,10.7572,0.0233,0.0844,1.7309,1400,0.1119,2.8049,1.1036,14.9994,400,1.5,63.5,61,False
2026-06-15 14:57:19,22,1,V,False,912,271,4.0,3.5,35.0,15.0,15,15,100|200|400|600|800|1000|1200|1400|1600|1800|2000|2500|3000|4000|4500,0.0062,4500,flat_terrain_default,1400,0.0,,0.0054,2.2329,0.0,10.7531,0.0235,0.0116,2.2329,0.0,10.7531,0.0235,0.1911,1.736,4500,0.0116,2.2329,0.0,10.7531,1400,1.0,0.3,30,True
2026-06-15 14:57:19,22,2,H,False,140,103,4.5,3.5,30.0,15.0,9,6,100|200|400|600|800|1000,1.596,1000,elbow,400,0.1401,F100:0.0000  F200:0.0974  F400:0.1401  F600:0.1214  F800:0.0702  F1000:0.0000,0.0585,1.3417,0.9184,5.747,0.0247,0.0876,2.1901,0.9291,10.8305,0.0245,0.085,1.4613,1000,0.1164,2.9378,1.0783,14.4715,200,2.0,62.6,52,False
2026-06-15 14:57:19,22,2,V,False,140,103,4.5,3.5,30.0,15.0,15,15,100|200|400|600|800|1000|1200|1400|1600|1800|2000|2500|3000|4000|4500,0.0,4500,flat_terrain_default,1400,0.0,,0.0,2.1901,0.0,10.8305,0.0245,0.0,2.1901,0.0,10.8305,0.0245,0.0,1.4613,4500,0.0,2.1901,0.0,10.8305,1400,1.0,0.0,30,True
2026-06-15 14:57:19,22,3,H,False,1838,318,3.5,3.8,15.0,22.0,9,6,100|200|400|600|800|1000,2.3182,1000,elbow,400,0.1211,F100:0.0000  F200:0.0763  F400:0.1211  F600:0.1053  F800:0.0619  F1000:0.0000,0.0556,1.4468,0.5374,6.9489,0.0505,0.0897,2.6167,0.7816,11.0908,0.0481,0.0733,1.5653,1000,0.1289,3.7651,1.0088,16.4195,200,2.0,68.9,50,False
2026-06-15 14:57:19,22,3,V,False,1838,318,3.5,3.8,15.0,22.0,15,15,100|200|400|600|800|1000|1200|1400|1600|1800|2000|2500|3000|4000|4500,0.0,4500,flat_terrain_default,1400,0.0,,0.0,2.61,0.0,11.1258,0.0488,0.0,2.61,0.0,11.1258,0.0488,0.0,1.5671,4500,0.0,2.61,0.0,11.1258,1400,1.0,0.0,30,True
2026-06-15 14:57:19,22,4,H,False,3301,345,3.5,3.8,12.0,22.0,7,4,100|200|400|600,1.8515,600,elbow,400,0.0747,F100:0.0000  F200:0.0728  F400:0.0747  F600:0.0000,0.0587,1.5831,0.5293,6.5826,0.0768,0.1008,2.8896,0.8477,12.2376,0.0726,0.0739,1.4484,600,0.1201,3.4347,0.9653,15.4675,200,2.0,76.0,39,False
2026-06-15 14:57:19,22,4,V,False,3301,345,3.5,3.8,12.0,22.0,15,15,100|200|400|600|800|1000|1200|1400|1600|1800|2000|2500|3000|4000|4500,0.0,4500,flat_terrain_default,1400,0.0,,0.0021,2.8929,0.0,12.2394,0.0726,0.0021,2.8929,0.0,12.2394,0.0726,0.0393,1.4476,4500,0.0021,2.8929,0.0,12.2394,1400,1.0,0.1,30,True
2026-06-15 14:57:19,22,5,H,False,6164,362,4.0,5.0,15.0,15.0,6,3,100|200|400,1.5195,400,elbow,200,0.0657,F100:0.0000  F200:0.0657  F400:0.0000,0.068,1.7325,0.6436,7.4745,0.1045,0.0902,2.3801,0.7945,10.1809,0.1041,0.0534,0.8221,400,0.1267,3.2519,1.0677,13.19,200,1.0,47.6,35,False
2026-06-15 14:57:19,22,5,V,False,6164,362,4.0,5.0,15.0,15.0,15,15,100|200|400|600|800|1000|1200|1400|1600|1800|2000|2500|3000|4000|4500,0.0,4500,flat_terrain_default,1200,0.0,,0.0,2.3827,0.0,10.1693,0.1046,0.0,2.3827,0.0,10.1693,0.1046,0.0,0.8206,4500,0.0,2.3827,0.0,10.1693,1200,1.0,0.0,30,True
2026-06-15 14:57:19,22,6,H,False,3597,348,4.0,5.5,15.0,15.0,6,3,100|200|400,1.648,400,elbow,200,0.0618,F100:0.0000  F200:0.0618  F400:0.0000,0.0717,1.8042,0.6559,7.0439,0.1406,0.0982,2.4976,0.8692,9.8385,0.1402,0.0553,0.7282,400,0.1397,3.4522,1.1911,13.5169,200,1.0,45.4,35,False
2026-06-15 14:57:19,22,6,V,False,3597,348,4.0,5.5,15.0,15.0,15,15,100|200|400|600|800|1000|1200|1400|1600|1800|2000|2500|3000|4000|4500,0.0016,4500,flat_terrain_default,1200,0.0,,0.0083,2.4976,0.0,9.8385,0.1402,0.0099,2.4976,0.0,9.8385,0.1402,0.1852,0.7282,4500,0.0099,2.4976,0.0,9.8385,1200,1.0,0.2,30,True
2026-06-15 14:57:19,22,7,H,False,20115,377,4.0,5.5,15.0,20.0,7,4,100|200|400|600,2.3377,600,elbow,400,0.0686,F100:0.0000  F200:0.0659  F400:0.0686  F600:0.0000,0.066,1.8107,0.5964,8.5776,0.2655,0.1293,3.4401,1.1296,15.7247,0.252,0.0735,1.1082,600,0.1628,4.1484,1.4741,18.7102,200,2.0,62.5,38,False
2026-06-15 14:57:19,22,7,V,False,20115,377,4.0,5.5,15.0,20.0,15,15,100|200|400|600|800|1000|1200|1400|1600|1800|2000|2500|3000|4000|4500,0.0,4500,flat_terrain_default,1200,0.0,,0.0,3.4401,0.0,15.7247,0.252,0.0,3.4401,0.0,15.7247,0.252,0.0,1.1082,4500,0.0,3.4401,0.0,15.7247,1200,1.0,0.0,30,True
2026-06-15 16:46:49,23,1,H,True,363,187,4.0,3.5,43.0,15.0,8,5,100|200|400|600|800,1.7738,800,elbow,400,0.1308,F100:0.0000  F200:0.0989  F400:0.1308  F600:0.0849  F800:0.0000,0.0702,1.6219,0.9755,6.0517,0.0314,0.1033,2.7103,1.1133,10.6723,0.032,0.1041,1.2978,800,0.1235,3.3958,1.1803,14.6081,400,1.0,77.4,48,False
2026-06-15 16:46:49,23,1,V,True,363,187,4.0,3.5,43.0,15.0,15,15,100|200|400|600|800|1000|1200|1400|1600|1800|2000|2500|3000|4000|4500,-0.0109,4500,flat_terrain_default,1400,0.0,,0.4238,2.7103,0.0,10.6723,0.032,0.4223,2.7103,0.0,10.6723,0.032,5.7595,1.2978,4500,0.4129,2.7103,0.0,10.6723,1400,1.0,10.6,30,True
2026-06-15 16:46:49,23,2,H,True,11,11,4.5,3.5,38.0,15.0,5,2,100|200,0.7649,200,highest_safe,200,0.0,,0.0832,1.9929,1.6692,7.1185,0.0637,0.0991,2.7577,1.444,11.1863,0.0626,0.0426,0.1723,200,0.0991,2.7577,1.444,11.1863,200,1.0,78.8,21,True
2026-06-15 16:46:49,23,2,V,True,11,11,4.5,3.5,38.0,15.0,15,15,100|200|400|600|800|1000|1200|1400|1600|1800|2000|2500|3000|4000|4500,0.0,4500,flat_terrain_default,1400,0.0,,0.0,2.7577,0.0,11.1863,0.0626,0.0,2.7577,0.0,11.1863,0.0626,0.0,0.1723,4500,0.0,2.7577,0.0,11.1863,1400,1.0,0.0,30,True
2026-06-15 16:46:49,23,3,H,True,873,267,3.5,3.8,23.0,22.0,6,3,100|200|400,1.772,400,elbow,200,0.0631,F100:0.0000  F200:0.0631  F400:0.0000,0.089,1.93,0.5697,7.5197,0.121,0.1129,2.6787,0.6763,9.7769,0.1132,0.0655,0.3893,400,0.1474,3.702,0.8574,13.0681,200,1.0,70.5,35,False
2026-06-15 16:46:49,23,3,V,True,873,267,3.5,3.8,23.0,22.0,15,15,100|200|400|600|800|1000|1200|1400|1600|1800|2000|2500|3000|4000|4500,0.0,4500,flat_terrain_default,1400,0.0,,0.0,2.6787,0.0,9.7769,0.1132,0.0,2.6787,0.0,9.7769,0.1132,0.0,0.3893,4500,0.0,2.6787,0.0,9.7769,1400,1.0,0.0,30,True
2026-06-15 16:46:49,23,4,H,True,1093,285,3.5,3.8,20.0,22.0,6,3,100|200|400,1.8017,400,elbow,200,0.0634,F100:0.0000  F200:0.0634  F400:0.0000,0.0934,1.9526,0.6441,7.7576,0.1247,0.1178,2.7147,0.8288,10.3405,0.1197,0.0765,0.3518,400,0.1559,3.7544,1.024,14.286,200,1.0,71.4,35,False
2026-06-15 16:46:49,23,4,V,True,1093,285,3.5,3.8,20.0,22.0,15,15,100|200|400|600|800|1000|1200|1400|1600|1800|2000|2500|3000|4000|4500,0.027,4500,flat_terrain_default,1400,0.0,,0.0074,2.7147,0.0,10.3405,0.1197,0.0207,2.7147,0.0,10.3405,0.1197,0.3484,0.3518,4500,0.0344,2.7147,0.0,10.3405,1400,1.0,0.6,30,True
2026-06-15 16:46:49,23,5,H,True,3397,346,4.0,5.0,23.0,15.0,6,3,100|200|400,1.8639,400,elbow,200,0.0623,F100:0.0000  F200:0.0623  F400:0.0000,0.1093,1.9708,0.7554,7.8369,0.1633,0.1423,2.7562,0.9819,10.3557,0.1594,0.0762,0.2946,400,0.195,3.8347,1.4257,13.6971,200,1.0,55.1,35,False
2026-06-15 16:46:49,23,5,V,True,3397,346,4.0,5.0,23.0,15.0,15,15,100|200|400|600|800|1000|1200|1400|1600|1800|2000|2500|3000|4000|4500,0.0,4500,flat_terrain_default,1200,0.0,,0.0,2.7562,0.0,10.3593,0.1593,0.0,2.7562,0.0,10.3593,0.1593,0.0,0.2942,4500,0.0,2.7562,0.0,10.3593,1200,1.0,0.0,30,True
2026-06-15 16:46:49,23,6,H,True,1932,321,4.0,5.5,23.0,15.0,6,3,100|200|400,1.8571,400,elbow,200,0.0629,F100:0.0000  F200:0.0629  F400:0.0000,0.119,1.9746,0.7956,7.5553,0.1781,0.1567,2.7588,1.0761,10.2085,0.1736,0.0588,0.2982,400,0.216,3.8317,1.4048,13.9647,200,1.0,50.2,35,False
2026-06-15 16:46:49,23,6,V,True,1932,321,4.0,5.5,23.0,15.0,15,15,100|200|400|600|800|1000|1200|1400|1600|1800|2000|2500|3000|4000|4500,0.0,4500,flat_terrain_default,1200,0.0,,0.0,2.7588,0.0,10.2085,0.1736,0.0,2.7588,0.0,10.2085,0.1736,0.0,0.2982,4500,0.0,2.7588,0.0,10.2085,1200,1.0,0.0,30,True
2026-06-15 16:46:49,23,7,H,True,7637,366,4.0,5.5,23.0,20.0,7,4,100|200|400|600,2.7202,600,elbow,400,0.0683,F100:0.0000  F200:0.0642  F400:0.0683  F600:0.0000,0.1231,1.9728,1.083,8.4131,0.2702,0.2199,3.8675,1.8322,15.1437,0.2527,0.1143,0.4843,600,0.2718,4.693,2.346,18.0889,200,2.0,70.3,38,False
2026-06-15 16:46:49,23,7,V,True,7637,366,4.0,5.5,23.0,20.0,15,15,100|200|400|600|800|1000|1200|1400|1600|1800|2000|2500|3000|4000|4500,0.0,4500,flat_terrain_default,1200,0.0,,0.0,3.8681,0.0,15.1319,0.253,0.0,3.8681,0.0,15.1319,0.253,0.0,0.483,4500,0.0,3.8681,0.0,15.1319,1200,1.0,0.0,30,True
2026-06-15 16:54:06,24,1,H,False,472,213,4.0,3.5,35.0,15.0,5,2,100|200,0.7443,200,highest_safe,200,0.0,,0.1246,1.9079,1.7381,6.6423,0.0714,0.1533,2.6522,1.9308,9.4139,0.072,0.109,0.4974,200,0.1533,2.6522,1.9308,9.4139,400,0.5,75.8,20,True
2026-06-15 16:54:06,24,1,V,False,472,213,4.0,3.5,35.0,15.0,15,15,100|200|400|600|800|1000|1200|1400|1600|1800|2000|2500|3000|4000|4500,0.0203,4500,flat_terrain_default,1400,0.0,,0.0402,2.6522,0.0,9.4139,0.072,0.0606,2.6522,0.0,9.4139,0.072,0.6684,0.4974,4500,0.0605,2.6522,0.0,9.4139,1400,1.0,1.5,30,True
2026-06-15 16:54:06,24,2,H,False,330,178,4.5,3.5,30.0,15.0,6,3,100|200|400,1.4765,400,elbow,200,0.0695,F100:0.0000  F200:0.0695  F400:0.0000,0.101,1.7891,1.2873,6.4563,0.058,0.1201,2.4263,1.6383,8.5892,0.0577,0.1566,0.7194,400,0.1506,3.2656,1.9886,11.8109,200,1.0,69.3,35,False
2026-06-15 16:54:06,24,2,V,False,330,178,4.5,3.5,30.0,15.0,15,15,100|200|400|600|800|1000|1200|1400|1600|1800|2000|2500|3000|4000|4500,0.0,4500,flat_terrain_default,1400,0.0,,0.0003,2.4263,0.0,8.5892,0.0577,0.0003,2.4263,0.0,8.5892,0.0577,0.0027,0.7194,4500,0.0003,2.4263,0.0,8.5892,1400,1.0,0.0,30,True
2026-06-15 16:54:06,24,3,H,False,1174,290,3.5,3.8,15.0,22.0,6,3,100|200|400,1.563,400,elbow,200,0.0667,F100:0.0000  F200:0.0667  F400:0.0000,0.0782,1.8092,0.5429,7.6288,0.0933,0.096,2.4776,0.6541,9.7747,0.0903,0.0714,0.7058,400,0.1231,3.3721,0.8495,12.7435,200,1.0,65.2,35,False
2026-06-15 16:54:06,24,3,V,False,1174,290,3.5,3.8,15.0,22.0,15,15,100|200|400|600|800|1000|1200|1400|1600|1800|2000|2500|3000|4000|4500,0.0569,4500,elbow,1400,0.1305,F100:0.0000  F200:0.0351  F400:0.0755  F600:0.0990  F800:0.1138  F1000:0.1231  F1200:0.1283  F1400:0.1305  F1600:0.1304  F1800:0.1283  F2000:0.1246  F2500:0.1096  F3000:0.0884  F4000:0.0326  F4500:0.0000,0.01,2.4776,0.0,9.7747,0.0903,0.0373,2.4776,0.0,9.7747,0.0903,0.4483,0.7058,4500,0.067,2.4776,0.0,9.7747,1400,1.0,1.1,44,False
2026-06-15 16:54:06,24,4,H,False,1831,318,3.5,3.8,12.0,22.0,6,3,100|200|400,1.8443,400,elbow,200,0.0616,F100:0.0000  F200:0.0616  F400:0.0000,0.0882,1.9353,0.6997,7.6324,0.1682,0.1095,2.7107,0.8453,10.5129,0.1648,0.0813,0.4722,400,0.1479,3.7797,1.12,13.5066,200,1.0,71.3,35,False
2026-06-15 16:54:06,24,4,V,False,1831,318,3.5,3.8,12.0,22.0,15,15,100|200|400|600|800|1000|1200|1400|1600|1800|2000|2500|3000|4000|4500,0.0,4500,flat_terrain_default,1400,0.0,,0.0,2.7107,0.0,10.5129,0.1648,0.0,2.7107,0.0,10.5129,0.1648,0.0,0.4722,4500,0.0,2.7107,0.0,10.5129,1400,1.0,0.0,30,True
2026-06-15 16:54:06,24,5,H,False,2221,328,4.0,5.0,15.0,15.0,6,3,100|200|400,1.8467,400,elbow,200,0.0594,F100:0.0000  F200:0.0594  F400:0.0000,0.0934,1.9326,0.7277,7.8034,0.2379,0.1211,2.7033,0.9033,10.2765,0.2302,0.0953,0.4757,400,0.1641,3.7792,1.243,14.5981,200,1.0,54.1,34,False
2026-06-15 16:54:06,24,5,V,False,2221,328,4.0,5.0,15.0,15.0,15,15,100|200|400|600|800|1000|1200|1400|1600|1800|2000|2500|3000|4000|4500,0.0249,4500,flat_terrain_default,1200,0.0,,0.0044,2.7033,0.0,10.2765,0.2302,0.0151,2.7033,0.0,10.2765,0.2302,0.273,0.4757,4500,0.0292,2.7033,0.0,10.2765,1200,1.0,0.4,30,True
2026-06-15 16:54:06,24,6,H,False,1631,312,4.0,5.5,15.0,15.0,6,3,100|200|400,1.9217,400,elbow,200,0.0599,F100:0.0000  F200:0.0599  F400:0.0000,0.1106,1.9809,0.783,7.9035,0.2698,0.1472,2.7844,1.0789,10.6392,0.266,0.143,0.3051,400,0.204,3.9026,1.4644,14.2993,200,1.0,50.6,34,False
2026-06-15 16:54:06,24,6,V,False,1631,312,4.0,5.5,15.0,15.0,15,15,100|200|400|600|800|1000|1200|1400|1600|1800|2000|2500|3000|4000|4500,0.0,4500,flat_terrain_default,1200,0.0,,0.0,2.7854,0.0,10.612,0.2674,0.0,2.7854,0.0,10.612,0.2674,0.0,0.3038,4500,0.0,2.7854,0.0,10.612,1200,1.0,0.0,30,True
2026-06-15 16:54:06,24,7,H,False,5793,361,4.0,5.5,15.0,20.0,7,4,100|200|400|600,2.8182,600,elbow,400,0.0654,F100:0.0000  F200:0.0622  F400:0.0654  F600:0.0000,0.111,1.9893,0.9304,8.5101,0.4027,0.2106,3.9408,1.8498,15.6338,0.3834,0.1487,0.4027,600,0.2649,4.8075,2.2234,18.4275,200,2.0,71.7,38,False
2026-06-15 16:54:06,24,7,V,False,5793,361,4.0,5.5,15.0,20.0,15,15,100|200|400|600|800|1000|1200|1400|1600|1800|2000|2500|3000|4000|4500,0.0,4500,flat_terrain_default,1200,0.0,,0.0,3.9408,0.0,15.6338,0.3834,0.0,3.9408,0.0,15.6338,0.3834,0.0,0.4027,4500,0.0,3.9408,0.0,15.6338,1200,1.0,0.0,30,True
2026-06-15 17:25:24,25,1,H,False,559,228,4.0,3.5,35.0,15.0,6,3,100|200|400,1.4438,400,elbow,200,0.0727,F100:0.0000  F200:0.0727  F400:0.0000,0.1044,1.7778,1.96,5.9993,0.0571,0.1331,2.4075,2.0146,8.0422,0.0575,0.1464,0.7112,400,0.1672,3.2216,2.3165,12.0368,400,0.5,68.8,36,False
2026-06-15 17:25:24,25,1,V,False,559,228,4.0,3.5,35.0,15.0,15,15,100|200|400|600|800|1000|1200|1400|1600|1800|2000|2500|3000|4000|4500,0.0129,4500,flat_terrain_default,1400,0.0,,0.0221,2.4075,0.0,8.0422,0.0575,0.0307,2.4075,0.0,8.0422,0.0575,0.4622,0.7112,4500,0.035,2.4075,0.0,8.0422,1400,1.0,0.8,30,True
2026-06-15 17:25:24,25,2,H,False,311,173,4.5,3.5,30.0,15.0,6,3,100|200|400,1.4391,400,elbow,200,0.0724,F100:0.0000  F200:0.0724  F400:0.0000,0.1039,1.755,1.7751,6.126,0.069,0.1251,2.3821,2.1181,8.4186,0.0695,0.1482,0.7422,400,0.153,3.1941,2.5341,11.4477,200,1.0,68.1,36,False
2026-06-15 17:25:24,25,2,V,False,311,173,4.5,3.5,30.0,15.0,15,15,100|200|400|600|800|1000|1200|1400|1600|1800|2000|2500|3000|4000|4500,0.0004,4500,flat_terrain_default,1400,0.0,,0.0116,2.3821,0.0,8.4186,0.0695,0.012,2.3821,0.0,8.4186,0.0695,0.1119,0.7422,4500,0.012,2.3821,0.0,8.4186,1400,1.0,0.3,30,True
2026-06-15 17:25:24,25,3,H,False,1843,319,3.5,3.8,15.0,22.0,5,2,100|200,0.792,200,highest_safe,200,0.0,,0.0819,1.9735,0.6598,8.2397,0.2033,0.1043,2.7654,0.7815,11.1397,0.1998,0.077,0.2748,200,0.1043,2.7654,0.7815,11.1397,200,1.0,72.8,21,True
2026-06-15 17:25:24,25,3,V,False,1843,319,3.5,3.8,15.0,22.0,15,15,100|200|400|600|800|1000|1200|1400|1600|1800|2000|2500|3000|4000|4500,0.0,4500,flat_terrain_default,1400,0.0,,0.0,2.7659,0.0,11.1334,0.1996,0.0,2.7659,0.0,11.1334,0.1996,0.0,0.2744,4500,0.0,2.7659,0.0,11.1334,1400,1.0,0.0,30,True
2026-06-15 17:25:24,25,4,H,False,3407,346,3.5,3.8,12.0,22.0,5,2,100|200,0.8199,200,highest_safe,200,0.0,,0.0776,2.0019,0.5573,8.4483,0.2561,0.1049,2.8218,0.7389,11.0671,0.2504,0.0997,0.201,200,0.1049,2.8218,0.7389,11.0671,200,1.0,74.3,22,True
2026-06-15 17:25:24,25,4,V,False,3407,346,3.5,3.8,12.0,22.0,15,15,100|200|400|600|800|1000|1200|1400|1600|1800|2000|2500|3000|4000|4500,0.0,4500,flat_terrain_default,1400,0.0,,0.0,2.8223,0.0,11.045,0.2502,0.0,2.8223,0.0,11.045,0.2502,0.0,0.2009,4500,0.0,2.8223,0.0,11.045,1400,1.0,0.0,30,True
2026-06-15 17:25:24,25,5,H,False,2570,335,4.0,5.0,15.0,15.0,5,2,100|200,0.8242,200,highest_safe,200,0.0,,0.0881,1.9996,0.6847,8.6213,0.3519,0.1177,2.8238,0.8807,11.9054,0.3447,0.0721,0.1241,200,0.1177,2.8238,0.8807,11.9054,200,1.0,56.5,22,True
2026-06-15 17:25:24,25,5,V,False,2570,335,4.0,5.0,15.0,15.0,15,15,100|200|400|600|800|1000|1200|1400|1600|1800|2000|2500|3000|4000|4500,0.0,4500,flat_terrain_default,1200,0.0,,0.0,2.8238,0.0,11.9054,0.3447,0.0,2.8238,0.0,11.9054,0.3447,0.0,0.1241,4500,0.0,2.8238,0.0,11.9054,1200,1.0,0.0,30,True
2026-06-15 17:25:24,25,6,H,False,509,220,4.0,5.5,15.0,15.0,6,3,100|200|400,1.9868,400,elbow,200,0.0582,F100:0.0000  F200:0.0582  F400:0.0000,0.1088,2.0079,0.7607,7.989,0.3624,0.1438,2.8335,1.0161,10.6751,0.3549,0.0926,0.1207,400,0.2041,3.9946,1.4726,14.6726,200,1.0,51.5,34,False
2026-06-15 17:25:24,25,6,V,False,509,220,4.0,5.5,15.0,15.0,15,15,100|200|400|600|800|1000|1200|1400|1600|1800|2000|2500|3000|4000|4500,0.0378,4500,flat_terrain_default,1200,0.0,,0.0087,2.8335,0.0,10.6751,0.3549,0.0246,2.8335,0.0,10.6751,0.3549,0.3644,0.1207,4500,0.0465,2.8335,0.0,10.6751,1200,1.0,0.6,30,True
2026-06-15 17:25:24,25,7,H,False,3924,350,4.0,5.5,15.0,20.0,7,4,100|200|400|600,2.8783,600,elbow,400,0.0639,F100:0.0000  F200:0.0613  F400:0.0639  F600:0.0000,0.1329,2.007,1.4952,8.5258,0.5139,0.2432,3.9942,2.5259,15.2499,0.474,0.1985,0.178,600,0.2991,4.8853,2.9797,18.036,200,2.0,72.6,38,False
2026-06-15 17:25:24,25,7,V,False,3924,350,4.0,5.5,15.0,20.0,15,15,100|200|400|600|800|1000|1200|1400|1600|1800|2000|2500|3000|4000|4500,0.0234,4500,flat_terrain_default,1200,0.0,,0.0041,3.9942,0.0,15.2499,0.474,0.0142,3.9942,0.0,15.2499,0.474,0.2649,0.178,4500,0.0275,3.9942,0.0,15.2499,1200,1.0,0.4,30,True
2026-06-15 18:44:00,26,1,H,False,1205,292,4.0,3.5,35.0,15.0,7,4,100|200|400|600,1.621,600,elbow,400,0.0965,F100:0.0000  F200:0.0951  F400:0.0965  F600:0.0000,0.0762,1.6124,1.0869,6.3408,0.04,0.1168,2.8063,1.2203,11.3886,0.0403,0.1162,1.3041,600,0.1334,3.2333,1.2761,13.533,400,1.0,80.2,41,False
2026-06-15 18:44:00,26,1,V,False,1205,292,4.0,3.5,35.0,15.0,15,15,100|200|400|600|800|1000|1200|1400|1600|1800|2000|2500|3000|4000|4500,-0.0035,4500,flat_terrain_default,1400,0.0,,0.3615,2.8063,0.0,11.3886,0.0403,0.361,2.8063,0.0,11.3886,0.0403,6.1576,1.3041,4500,0.358,2.8063,0.0,11.3886,1400,1.0,9.0,30,True
2026-06-15 18:44:00,26,2,H,False,663,244,4.5,3.5,30.0,15.0,7,4,100|200|400|600,1.7094,600,elbow,400,0.0879,F100:0.0000  F200:0.0846  F400:0.0879  F600:0.0000,0.085,1.5996,1.3473,6.4294,0.0479,0.1374,2.8378,1.8097,11.4711,0.048,0.1214,1.312,600,0.1595,3.309,1.9207,13.2228,200,2.0,81.1,40,False
2026-06-15 18:44:00,26,2,V,False,663,244,4.5,3.5,30.0,15.0,15,15,100|200|400|600|800|1000|1200|1400|1600|1800|2000|2500|3000|4000|4500,0.0,4500,flat_terrain_default,1400,0.0,,0.0,2.8378,0.0,11.4711,0.048,0.0,2.8378,0.0,11.4711,0.048,0.0,1.312,4500,0.0,2.8378,0.0,11.4711,1400,1.0,0.0,30,True
2026-06-15 18:44:00,26,3,H,False,4159,352,3.5,3.8,15.0,22.0,9,6,100|200|400|600|800|1000,2.1064,1000,elbow,400,0.1296,F100:0.0000  F200:0.0845  F400:0.1296  F600:0.1136  F800:0.0651  F1000:0.0000,0.0653,1.521,0.4142,6.5915,0.0405,0.0946,2.6091,0.6873,11.5647,0.0386,0.111,1.3531,1000,0.128,3.6274,0.8754,16.7213,200,2.0,68.7,50,False
2026-06-15 18:44:00,26,3,V,False,4159,352,3.5,3.8,15.0,22.0,15,15,100|200|400|600|800|1000|1200|1400|1600|1800|2000|2500|3000|4000|4500,0.0229,4500,flat_terrain_default,1400,0.0,,0.004,2.6091,0.0,11.5647,0.0386,0.015,2.6091,0.0,11.5647,0.0386,0.2814,1.3531,4500,0.0269,2.6091,0.0,11.5647,1400,1.0,0.4,30,True
2026-06-15 18:44:00,26,4,H,False,8516,368,3.5,3.8,12.0,22.0,10,7,100|200|400|600|800|1000|1200,2.222,1200,elbow,400,0.1335,F100:0.0000  F200:0.0807  F400:0.1335  F600:0.1318  F800:0.1021  F1000:0.0567  F1200:0.0000,0.0626,1.442,0.5076,7.0992,0.0597,0.0948,2.4675,0.8148,12.8538,0.055,0.1055,1.4312,1200,0.1376,3.6639,1.1,20.1334,200,2.0,64.9,54,False
2026-06-15 18:44:00,26,4,V,False,8516,368,3.5,3.8,12.0,22.0,15,15,100|200|400|600|800|1000|1200|1400|1600|1800|2000|2500|3000|4000|4500,0.0,4500,flat_terrain_default,1400,0.0,,0.0,2.4675,0.0,12.8538,0.055,0.0,2.4675,0.0,12.8538,0.055,0.0,1.4312,4500,0.0,2.4675,0.0,12.8538,1400,1.0,0.0,30,True
2026-06-15 18:44:00,26,5,H,False,16765,376,4.0,5.0,15.0,15.0,7,4,100|200|400|600,1.1602,600,elbow,400,0.0807,F100:0.0000  F200:0.0785  F400:0.0807  F600:0.0000,0.0681,1.2647,0.579,7.1503,0.0661,0.1047,2.0932,0.9039,13.0562,0.0635,0.1258,1.4933,600,0.1193,2.425,1.1361,14.6501,200,2.0,41.9,40,False
2026-06-15 18:44:00,26,5,V,False,16765,376,4.0,5.0,15.0,15.0,15,15,100|200|400|600|800|1000|1200|1400|1600|1800|2000|2500|3000|4000|4500,0.0215,4500,flat_terrain_default,1200,0.0,,0.0038,2.0932,0.0,13.0562,0.0635,0.013,2.0932,0.0,13.0562,0.0635,0.2523,1.4933,4500,0.0252,2.0932,0.0,13.0562,1200,1.0,0.3,30,True
2026-06-15 18:44:00,26,6,H,False,3458,346,4.0,5.5,15.0,15.0,6,3,100|200|400,0.7841,400,elbow,200,0.0778,F100:0.0000  F200:0.0778  F400:0.0000,0.0709,1.2258,0.6901,7.3635,0.0846,0.0853,1.5735,0.8082,9.6834,0.0836,0.0825,1.0212,400,0.1061,2.0099,1.0165,12.6918,200,1.0,28.6,31,False
2026-06-15 18:44:00,26,6,V,False,3458,346,4.0,5.5,15.0,15.0,15,15,100|200|400|600|800|1000|1200|1400|1600|1800|2000|2500|3000|4000|4500,0.0,4500,flat_terrain_default,1200,0.0,,0.0,1.5735,0.0,9.6834,0.0836,0.0,1.5735,0.0,9.6834,0.0836,0.0,1.0212,4500,0.0,1.5735,0.0,9.6834,1200,1.0,0.0,30,True
2026-06-15 18:44:00,26,7,H,False,40100,381,4.0,5.5,15.0,20.0,8,5,100|200|400|600|800,1.3793,800,elbow,400,0.1142,F100:0.0000  F200:0.0865  F400:0.1142  F600:0.0747  F800:0.0000,0.0932,1.2488,0.9675,8.2738,0.1151,0.1362,2.0627,1.318,14.1442,0.1031,0.1527,1.4825,800,0.1723,2.6281,1.8271,18.3127,200,2.0,37.5,46,False
2026-06-15 18:44:00,26,7,V,False,40100,381,4.0,5.5,15.0,20.0,15,15,100|200|400|600|800|1000|1200|1400|1600|1800|2000|2500|3000|4000|4500,0.0,4500,flat_terrain_default,1200,0.0,,0.0,2.0627,0.0,14.1442,0.1031,0.0,2.0627,0.0,14.1442,0.1031,0.0,1.4825,4500,0.0,2.0627,0.0,14.1442,1200,1.0,0.0,30,True
2026-06-15 19:38:12,27,1,H,False,907,271,4.0,3.5,35.0,15.0,7,4,100|200|400|600,1.5897,600,elbow,200,0.0881,F100:0.0000  F200:0.0881  F400:0.0880  F600:0.0000,0.0981,1.5259,1.0668,7.1467,0.0356,0.12,2.0419,1.2525,9.334,0.0352,0.1169,0.9509,600,0.1706,3.1156,1.7391,13.8296,400,0.5,58.3,40,False
2026-06-15 19:38:12,27,1,V,False,907,271,4.0,3.5,35.0,15.0,15,15,100|200|400|600|800|1000|1200|1400|1600|1800|2000|2500|3000|4000|4500,-0.0007,4500,flat_terrain_default,1400,0.0,,0.3527,2.0419,0.0,9.334,0.0352,0.3533,2.0419,0.0,9.334,0.0352,5.8047,0.9509,4500,0.352,2.0419,0.0,9.334,1400,1.0,8.8,30,True
2026-06-15 19:38:12,27,2,H,False,253,153,4.5,3.5,30.0,15.0,6,3,100|200|400,1.5392,400,elbow,200,0.0693,F100:0.0000  F200:0.0693  F400:0.0000,0.1176,1.7367,1.6133,7.1648,0.0605,0.1427,2.4005,1.7488,9.5037,0.0589,0.1014,0.6591,400,0.1811,3.2759,2.125,12.3223,200,1.0,68.6,35,False
2026-06-15 19:38:12,27,2,V,False,253,153,4.5,3.5,30.0,15.0,15,15,100|200|400|600|800|1000|1200|1400|1600|1800|2000|2500|3000|4000|4500,0.0466,4500,flat_terrain_default,1400,0.0,,0.0194,2.4005,0.0,9.5037,0.0589,0.0428,2.4005,0.0,9.5037,0.0589,0.5276,0.6591,4500,0.066,2.4005,0.0,9.5037,1400,1.0,1.0,30,True
2026-06-15 19:38:12,27,3,H,False,3954,351,3.5,3.8,15.0,22.0,8,5,100|200|400|600|800,2.0406,800,elbow,400,0.1076,F100:0.0000  F200:0.0762  F400:0.1076  F600:0.0710  F800:0.0000,0.1119,1.459,1.114,8.1594,0.051,0.1763,2.644,1.6051,13.3332,0.0485,0.2593,1.5755,800,0.2241,3.4997,1.8831,16.8102,200,2.0,69.6,45,False
2026-06-15 19:38:12,27,3,V,False,3954,351,3.5,3.8,15.0,22.0,15,15,100|200|400|600|800|1000|1200|1400|1600|1800|2000|2500|3000|4000|4500,0.0,4500,flat_terrain_default,1400,0.0,,0.0,2.644,0.0,13.3332,0.0485,0.0,2.644,0.0,13.3332,0.0485,0.0,1.5755,4500,0.0,2.644,0.0,13.3332,1400,1.0,0.0,30,True
2026-06-15 19:38:12,27,4,H,False,8545,368,3.5,3.8,12.0,22.0,9,6,100|200|400|600|800|1000,2.1778,1000,elbow,400,0.1156,F100:0.0000  F200:0.0737  F400:0.1156  F600:0.1000  F800:0.0585  F1000:0.0000,0.1036,1.3693,1.2236,8.1112,0.0854,0.1629,2.4512,1.4937,13.4484,0.0787,0.1911,1.6022,1000,0.2189,3.5471,1.9286,19.0518,200,2.0,64.5,49,False
2026-06-15 19:38:12,27,4,V,False,8545,368,3.5,3.8,12.0,22.0,15,15,100|200|400|600|800|1000|1200|1400|1600|1800|2000|2500|3000|4000|4500,0.0233,4500,flat_terrain_default,1400,0.0,,0.0041,2.4512,0.0,13.4484,0.0787,0.0153,2.4512,0.0,13.4484,0.0787,0.2923,1.6022,4500,0.0274,2.4512,0.0,13.4484,1400,1.0,0.4,30,True
2026-06-15 19:38:12,27,5,H,False,16212,376,4.0,5.0,15.0,15.0,6,3,100|200|400,0.9176,400,elbow,200,0.0718,F100:0.0000  F200:0.0718  F400:0.0000,0.0902,1.1927,0.9901,8.2955,0.0829,0.1122,1.5918,1.211,10.6136,0.0819,0.1272,1.1557,400,0.1423,2.1103,1.4276,13.4904,200,1.0,31.8,34,False
2026-06-15 19:38:12,27,5,V,False,16212,376,4.0,5.0,15.0,15.0,15,15,100|200|400|600|800|1000|1200|1400|1600|1800|2000|2500|3000|4000|4500,0.0,4500,flat_terrain_default,1200,0.0,,0.0,1.5918,0.0,10.6136,0.0819,0.0,1.5918,0.0,10.6136,0.0819,0.0,1.1557,4500,0.0,1.5918,0.0,10.6136,1200,1.0,0.0,30,True
2026-06-15 19:38:12,27,6,H,False,11332,372,4.0,5.5,15.0,15.0,6,3,100|200|400,0.783,400,elbow,200,0.0709,F100:0.0000  F200:0.0709  F400:0.0000,0.0868,1.0515,0.9904,8.0368,0.0735,0.1054,1.391,1.1992,10.3312,0.0725,0.1226,1.2026,400,0.13,1.8345,1.3111,13.2639,200,1.0,25.3,31,False
2026-06-15 19:38:12,27,6,V,False,11332,372,4.0,5.5,15.0,15.0,15,15,100|200|400|600|800|1000|1200|1400|1600|1800|2000|2500|3000|4000|4500,0.0,4500,flat_terrain_default,1200,0.0,,0.0,1.391,0.0,10.3312,0.0725,0.0,1.391,0.0,10.3312,0.0725,0.0,1.2026,4500,0.0,1.391,0.0,10.3312,1200,1.0,0.0,30,True
2026-06-15 19:38:12,27,7,H,False,56056,382,4.0,5.5,15.0,20.0,8,5,100|200|400|600|800,1.277,800,elbow,400,0.0983,F100:0.0000  F200:0.0731  F400:0.0983  F600:0.0638  F800:0.0000,0.098,0.9887,1.1235,8.4626,0.1243,0.1495,1.7135,1.5438,14.6677,0.1191,0.183,1.7035,800,0.1956,2.2657,2.1866,18.8931,200,2.0,31.2,44,False
2026-06-15 19:38:12,27,7,V,False,56056,382,4.0,5.5,15.0,20.0,15,15,100|200|400|600|800|1000|1200|1400|1600|1800|2000|2500|3000|4000|4500,0.0,4500,flat_terrain_default,1200,0.0,,0.0,1.7135,0.0,14.6677,0.1191,0.0,1.7135,0.0,14.6677,0.1191,0.0,1.7035,4500,0.0,1.7135,0.0,14.6677,1200,1.0,0.0,30,True
2026-06-15 20:29:46,28,1,H,False,810,261,4.0,3.5,35.0,15.0,10,7,100|200|400|600|800|1000|1200,1.6414,1200,elbow,400,0.1745,F100:0.0000  F200:0.1039  F400:0.1745  F600:0.1719  F800:0.1346  F1000:0.0741  F1200:0.0000,0.0635,1.3173,1.0035,5.4774,0.0218,0.0851,2.1701,1.0035,9.5368,0.022,0.0791,1.3793,1200,0.1126,2.9587,1.0688,14.2152,400,1.0,62.0,58,False
2026-06-15 20:29:46,28,1,V,False,810,261,4.0,3.5,35.0,15.0,15,15,100|200|400|600|800|1000|1200|1400|1600|1800|2000|2500|3000|4000|4500,0.0313,4500,flat_terrain_default,1400,0.0,,0.0055,2.1701,0.0,9.5368,0.022,0.0205,2.1701,0.0,9.5368,0.022,0.3307,1.3793,4500,0.0368,2.1701,0.0,9.5368,1400,1.0,0.5,30,True
2026-06-15 20:29:46,28,2,H,False,63,55,4.5,3.5,30.0,15.0,7,4,100|200|400|600,1.7007,600,elbow,400,0.0916,F100:0.0000  F200:0.0868  F400:0.0916  F600:0.0000,0.0902,1.6185,1.1827,6.3429,0.0497,0.1388,2.8593,1.6467,11.6701,0.0453,0.1013,1.2807,600,0.157,3.3192,1.6467,13.5204,200,2.0,81.7,41,False
2026-06-15 20:29:46,28,2,V,False,63,55,4.5,3.5,30.0,15.0,15,15,100|200|400|600|800|1000|1200|1400|1600|1800|2000|2500|3000|4000|4500,0.0,4500,flat_terrain_default,1400,0.0,,0.0,2.8593,0.0,11.6701,0.0453,0.0,2.8593,0.0,11.6701,0.0453,0.0,1.2807,4500,0.0,2.8593,0.0,11.6701,1400,1.0,0.0,30,True
2026-06-15 20:29:46,28,3,H,False,2562,335,3.5,3.8,15.0,22.0,10,7,100|200|400|600|800|1000|1200,2.3176,1200,elbow,400,0.1318,F100:0.0000  F200:0.0791  F400:0.1318  F600:0.1301  F800:0.1018  F1000:0.0573  F1200:0.0000,0.0582,1.4354,0.5395,6.1324,0.0393,0.0887,2.4993,0.8574,11.0957,0.0372,0.0753,1.4993,1200,0.1343,3.753,1.2409,17.5703,200,2.0,65.8,54,False
2026-06-15 20:29:46,28,3,V,False,2562,335,3.5,3.8,15.0,22.0,15,15,100|200|400|600|800|1000|1200|1400|1600|1800|2000|2500|3000|4000|4500,0.0,4500,flat_terrain_default,1400,0.0,,0.0,2.4993,0.0,11.0957,0.0372,0.0,2.4993,0.0,11.0957,0.0372,0.0,1.4993,4500,0.0,2.4993,0.0,11.0957,1400,1.0,0.0,30,True
2026-06-15 20:29:46,28,4,H,False,4390,354,3.5,3.8,12.0,22.0,7,4,100|200|400|600,1.8915,600,elbow,400,0.0768,F100:0.0000  F200:0.0726  F400:0.0768  F600:0.0000,0.0739,1.6101,0.7641,6.4985,0.0672,0.1219,2.9504,1.0334,12.0489,0.0673,0.0864,1.3709,600,0.1469,3.5016,1.3028,14.5272,200,2.0,77.6,39,False
2026-06-15 20:29:46,28,4,V,False,4390,354,3.5,3.8,12.0,22.0,15,15,100|200|400|600|800|1000|1200|1400|1600|1800|2000|2500|3000|4000|4500,0.0004,4500,flat_terrain_default,1400,0.0,,0.1033,2.9504,0.0,12.0489,0.0673,0.1025,2.9504,0.0,12.0489,0.0673,1.9257,1.3709,4500,0.1036,2.9504,0.0,12.0489,1400,1.0,2.9,30,True
2026-06-15 20:29:46,28,5,H,False,11697,372,4.0,5.0,15.0,15.0,6,3,100|200|400,1.7415,400,elbow,200,0.0625,F100:0.0000  F200:0.0625  F400:0.0000,0.096,1.8737,0.7373,7.1056,0.1682,0.1266,2.6082,0.9961,9.7249,0.1672,0.0621,0.5893,400,0.1767,3.6152,1.2965,12.9834,200,1.0,52.2,35,False
2026-06-15 20:29:46,28,5,V,False,11697,372,4.0,5.0,15.0,15.0,15,15,100|200|400|600|800|1000|1200|1400|1600|1800|2000|2500|3000|4000|4500,0.0,4500,flat_terrain_default,1200,0.0,,0.0,2.6082,0.0,9.7249,0.1672,0.0,2.6082,0.0,9.7249,0.1672,0.0,0.5893,4500,0.0,2.6082,0.0,9.7249,1200,1.0,0.0,30,True
2026-06-15 20:29:46,28,6,H,False,1960,322,4.0,5.5,15.0,15.0,6,3,100|200|400,1.835,400,elbow,200,0.0606,F100:0.0000  F200:0.0606  F400:0.0000,0.105,1.9229,0.8775,7.2785,0.2486,0.1414,2.6919,1.1011,9.7796,0.2468,0.074,0.4507,400,0.1961,3.7579,1.5416,13.3092,200,1.0,48.9,35,False
2026-06-15 20:29:46,28,6,V,False,1960,322,4.0,5.5,15.0,15.0,15,15,100|200|400|600|800|1000|1200|1400|1600|1800|2000|2500|3000|4000|4500,0.0,4500,flat_terrain_default,1200,0.0,,0.0,2.6919,0.0,9.7796,0.2468,0.0,2.6919,0.0,9.7796,0.2468,0.0,0.4507,4500,0.0,2.6919,0.0,9.7796,1200,1.0,0.0,30,True
2026-06-15 20:29:46,28,7,H,False,28317,380,4.0,5.5,15.0,20.0,8,5,100|200|400|600|800,3.3759,800,elbow,400,0.0868,F100:0.0000  F200:0.0612  F400:0.0868  F600:0.0576  F800:0.0000,0.1125,1.9324,0.9188,8.3009,0.379,0.2102,3.7937,1.6444,14.8244,0.364,0.0951,0.6765,800,0.3026,5.3083,2.2982,19.852,200,2.0,69.0,43,False
2026-06-15 20:29:46,28,7,V,False,28317,380,4.0,5.5,15.0,20.0,15,15,100|200|400|600|800|1000|1200|1400|1600|1800|2000|2500|3000|4000|4500,0.0,4500,flat_terrain_default,1200,0.0,,0.0,3.7944,0.0,14.9085,0.3646,0.0,3.7944,0.0,14.9085,0.3646,0.0,0.6758,4500,0.0,3.7944,0.0,14.9085,1200,1.0,0.0,30,True
2026-06-15 20:58:03,30,1,H,True,1188,291,4.0,3.5,43.0,15.0,7,4,100|200|400|600,1.693,600,elbow,400,0.081,F100:0.0000  F200:0.0762  F400:0.0810  F600:0.0000,0.1189,1.4601,1.3835,5.9757,0.0498,0.1851,2.6699,1.642,10.8537,0.0507,0.2486,1.6058,600,0.2124,3.1531,1.751,12.9412,400,1.0,76.3,40,False
2026-06-15 20:58:03,30,1,V,True,1188,291,4.0,3.5,43.0,15.0,15,15,100|200|400|600|800|1000|1200|1400|1600|1800|2000|2500|3000|4000|4500,0.0,4500,flat_terrain_default,1400,0.0,,0.0039,2.6699,0.0,10.8537,0.0507,0.0039,2.6699,0.0,10.8537,0.0507,0.0672,1.6058,4500,0.0039,2.6699,0.0,10.8537,1400,1.0,0.1,30,True
2026-06-15 20:58:03,30,3,H,True,2986,341,3.5,3.8,23.0,22.0,9,6,100|200|400|600|800|1000,2.2438,1000,elbow,400,0.1182,F100:0.0000  F200:0.0744  F400:0.1182  F600:0.1071  F800:0.0631  F1000:0.0000,0.0728,1.3558,0.6384,6.1524,0.0516,0.124,2.4788,0.9372,11.0398,0.0511,0.1556,1.6983,1000,0.1864,3.5996,1.4228,16.9404,200,2.0,65.2,49,False
2026-06-15 20:58:03,30,3,V,True,2986,341,3.5,3.8,23.0,22.0,15,15,100|200|400|600|800|1000|1200|1400|1600|1800|2000|2500|3000|4000|4500,0.0243,4500,flat_terrain_default,1400,0.0,,0.0043,2.4788,0.0,11.0398,0.0511,0.0159,2.4788,0.0,11.0398,0.0511,0.2939,1.6983,4500,0.0286,2.4788,0.0,11.0398,1400,1.0,0.5,30,True
2026-06-15 20:58:03,30,4,H,True,3017,341,3.5,3.8,20.0,22.0,8,5,100|200|400|600|800,2.2927,800,elbow,400,0.0985,F100:0.0000  F200:0.0694  F400:0.0985  F600:0.0654  F800:0.0000,0.0978,1.5068,0.7762,6.5588,0.0835,0.1715,2.8088,1.2527,11.7905,0.0829,0.194,1.6373,800,0.2455,3.7995,1.7435,16.1719,200,2.0,73.9,44,False
2026-06-15 20:58:03,30,4,V,True,3017,341,3.5,3.8,20.0,22.0,15,15,100|200|400|600|800|1000|1200|1400|1600|1800|2000|2500|3000|4000|4500,0.0,4500,flat_terrain_default,1400,0.0,,0.0,2.8088,0.0,11.7905,0.0829,0.0,2.8088,0.0,11.7905,0.0829,0.0,1.6373,4500,0.0,2.8088,0.0,11.7905,1400,1.0,0.0,30,True
2026-06-15 20:58:03,30,5,H,True,6871,364,4.0,5.0,23.0,15.0,6,3,100|200|400,1.3397,400,elbow,200,0.0659,F100:0.0000  F200:0.0659  F400:0.0000,0.0949,1.5672,0.7983,6.9935,0.1405,0.1249,2.1386,1.0495,9.3095,0.1399,0.1301,1.0348,400,0.174,2.9069,1.4246,12.9224,200,1.0,42.8,35,False
2026-06-15 20:58:03,30,5,V,True,6871,364,4.0,5.0,23.0,15.0,15,15,100|200|400|600|800|1000|1200|1400|1600|1800|2000|2500|3000|4000|4500,0.0,4500,flat_terrain_default,1200,0.0,,0.0,2.1386,0.0,9.3095,0.1399,0.0,2.1386,0.0,9.3095,0.1399,0.0,1.0348,4500,0.0,2.1386,0.0,9.3095,1200,1.0,0.0,30,True
2026-06-15 20:58:03,30,6,H,True,8417,368,4.0,5.5,23.0,15.0,6,3,100|200|400,1.3821,400,elbow,200,0.0628,F100:0.0000  F200:0.0628  F400:0.0000,0.1085,1.6029,0.8966,7.3701,0.2087,0.1441,2.1864,1.1996,10.2796,0.204,0.1651,1.0,400,0.1979,2.985,1.8615,13.9192,200,1.0,39.8,35,False
2026-06-15 20:58:03,30,6,V,True,8417,368,4.0,5.5,23.0,15.0,15,15,100|200|400|600|800|1000|1200|1400|1600|1800|2000|2500|3000|4000|4500,0.0,4500,flat_terrain_default,1200,0.0,,0.0,2.1864,0.0,10.2796,0.204,0.0,2.1864,0.0,10.2796,0.204,0.0,1.0,4500,0.0,2.1864,0.0,10.2796,1200,1.0,0.0,30,True
2026-06-15 20:58:03,30,7,H,True,36556,381,4.0,5.5,23.0,20.0,8,5,100|200|400|600|800,2.7391,800,elbow,400,0.0915,F100:0.0000  F200:0.0663  F400:0.0915  F600:0.0596  F800:0.0000,0.157,1.7449,1.4176,7.8849,0.4027,0.2907,3.2734,2.5561,14.4709,0.3814,0.3053,1.294,800,0.4196,4.4841,3.4856,19.2941,200,2.0,59.5,44,False
2026-06-15 20:58:03,30,7,V,True,36556,381,4.0,5.5,23.0,20.0,15,15,100|200|400|600|800|1000|1200|1400|1600|1800|2000|2500|3000|4000|4500,-0.0001,4500,flat_terrain_default,1200,0.0,,1.4162,3.2729,0.0,14.4642,0.3804,1.4161,3.2729,0.0,14.4642,0.3804,27.6046,1.2923,4500,1.4161,3.2729,0.0,14.4642,1200,1.0,35.4,30,True
2026-06-15 20:46:22,29,1,H,False,1374,301,4.0,3.5,35.0,15.0,8,5,100|200|400|600|800,1.6894,800,elbow,400,0.1227,F100:0.0000  F200:0.0899  F400:0.1227  F600:0.0789  F800:0.0000,0.0761,1.3846,0.9792,6.9786,0.0346,0.1114,2.4018,1.2198,11.4356,0.0333,0.1173,1.5329,800,0.1424,3.074,1.4863,14.7318,400,1.0,68.6,47,False
2026-06-15 20:46:22,29,1,V,False,1374,301,4.0,3.5,35.0,15.0,15,15,100|200|400|600|800|1000|1200|1400|1600|1800|2000|2500|3000|4000|4500,0.0256,4500,flat_terrain_default,1400,0.0,,0.0056,2.4018,0.0,11.4356,0.0333,0.0176,2.4018,0.0,11.4356,0.0333,0.3051,1.5329,4500,0.0312,2.4018,0.0,11.4356,1400,1.0,0.4,30,True
2026-06-15 20:46:22,29,2,H,False,1573,309,4.5,3.5,30.0,15.0,7,4,100|200|400|600,1.7547,600,elbow,400,0.0811,F100:0.0000  F200:0.0784  F400:0.0811  F600:0.0000,0.0768,1.5368,0.8759,6.9471,0.0491,0.1171,2.791,1.1429,11.6145,0.0488,0.0947,1.4473,600,0.1368,3.2914,1.2666,13.7665,200,2.0,79.7,40,False
2026-06-15 20:46:22,29,2,V,False,1573,309,4.5,3.5,30.0,15.0,15,15,100|200|400|600|800|1000|1200|1400|1600|1800|2000|2500|3000|4000|4500,-0.0066,4500,flat_terrain_default,1400,0.0,,0.2878,2.791,0.0,11.6145,0.0488,0.2863,2.791,0.0,11.6145,0.0488,5.024,1.4473,4500,0.2812,2.791,0.0,11.6145,1400,1.0,6.4,30,True
2026-06-15 20:46:22,29,3,H,False,2625,336,3.5,3.8,15.0,22.0,7,4,100|200|400|600,2.016,600,elbow,400,0.0758,F100:0.0000  F200:0.0744  F400:0.0758  F600:0.0000,0.0824,1.6587,0.7409,7.6537,0.0873,0.137,3.0843,1.1259,13.9051,0.0847,0.1022,1.3582,600,0.1632,3.6747,1.3764,16.5807,200,2.0,81.2,39,False
2026-06-15 20:46:22,29,3,V,False,2625,336,3.5,3.8,15.0,22.0,15,15,100|200|400|600|800|1000|1200|1400|1600|1800|2000|2500|3000|4000|4500,0.0,4500,flat_terrain_default,1400,0.0,,0.0,3.0843,0.0,13.9051,0.0847,0.0,3.0843,0.0,13.9051,0.0847,0.0,1.3582,4500,0.0,3.0843,0.0,13.9051,1400,1.0,0.0,30,True
2026-06-15 20:46:22,29,4,H,False,5513,360,3.5,3.8,12.0,22.0,6,3,100|200|400,1.5156,400,elbow,200,0.0642,F100:0.0000  F200:0.0642  F400:0.0000,0.0997,1.702,1.0136,7.9206,0.1292,0.1277,2.3448,1.2305,10.6211,0.1274,0.0888,0.837,400,0.1714,3.2176,1.5369,14.0093,200,1.0,61.7,35,False
2026-06-15 20:46:22,29,4,V,False,5513,360,3.5,3.8,12.0,22.0,15,15,100|200|400|600|800|1000|1200|1400|1600|1800|2000|2500|3000|4000|4500,0.0,4500,flat_terrain_default,1400,0.0,,0.0,2.3448,0.0,10.6211,0.1274,0.0,2.3448,0.0,10.6211,0.1274,0.0,0.837,4500,0.0,2.3448,0.0,10.6211,1400,1.0,0.0,30,True
2026-06-15 20:46:22,29,5,H,False,16668,376,4.0,5.0,15.0,15.0,6,3,100|200|400,1.4637,400,elbow,200,0.065,F100:0.0000  F200:0.0650  F400:0.0000,0.1232,1.6648,1.112,8.1798,0.1692,0.1583,2.2873,1.3917,10.8992,0.1682,0.1051,0.882,400,0.2127,3.1285,1.8198,14.1702,200,1.0,45.7,35,False
2026-06-15 20:46:22,29,5,V,False,16668,376,4.0,5.0,15.0,15.0,15,15,100|200|400|600|800|1000|1200|1400|1600|1800|2000|2500|3000|4000|4500,0.0,4500,flat_terrain_default,1200,0.0,,0.0,2.2873,0.0,10.8992,0.1682,0.0,2.2873,0.0,10.8992,0.1682,0.0,0.882,4500,0.0,2.2873,0.0,10.8992,1200,1.0,0.0,30,True
2026-06-15 20:46:22,29,6,H,False,5693,360,4.0,5.5,15.0,15.0,6,3,100|200|400,1.5509,400,elbow,200,0.0643,F100:0.0000  F200:0.0643  F400:0.0000,0.1318,1.7219,1.0906,8.3257,0.2151,0.1738,2.3798,1.4112,10.7622,0.2154,0.1034,0.8389,400,0.2353,3.2728,1.8695,14.4324,200,1.0,43.3,35,False
2026-06-15 20:46:22,29,6,V,False,5693,360,4.0,5.5,15.0,15.0,15,15,100|200|400|600|800|1000|1200|1400|1600|1800|2000|2500|3000|4000|4500,0.0,4500,flat_terrain_default,1200,0.0,,0.0,2.3764,0.0,10.7482,0.2146,0.0,2.3764,0.0,10.7482,0.2146,0.0,0.8454,4500,0.0,2.3764,0.0,10.7482,1200,1.0,0.0,30,True
2026-06-15 20:46:22,29,7,H,False,52021,382,4.0,5.5,15.0,20.0,6,3,100|200|400,1.3938,400,elbow,200,0.0663,F100:0.0000  F200:0.0663  F400:0.0000,0.1095,1.6298,1.1637,10.5634,0.2774,0.1406,2.2252,1.5256,14.0043,0.2705,0.0915,0.9011,400,0.1889,3.0236,2.0277,18.3006,200,1.0,40.5,35,False
2026-06-15 20:46:22,29,7,V,False,52021,382,4.0,5.5,15.0,20.0,15,15,100|200|400|600|800|1000|1200|1400|1600|1800|2000|2500|3000|4000|4500,0.0,4500,flat_terrain_default,1200,0.0,,0.0,2.2266,0.0,14.0812,0.2735,0.0,2.2266,0.0,14.0812,0.2735,0.0,0.9003,4500,0.0,2.2266,0.0,14.0812,1200,1.0,0.0,30,True
2026-06-15 22:09:10,31,1,H,False,481,214,4.0,3.5,35.0,15.0,15,15,100|200|400|600|800|1000|1200|1400|1600|1800|2000|2500|3000|4000|4500,1.5673,4500,elbow,1200,0.2818,F100:0.0000  F200:0.1107  F400:0.2156  F600:0.2507  F800:0.2685  F1000:0.2773  F1200:0.2818  F1400:0.2787  F1600:0.2721  F1800:0.2621  F2000:0.2507  F2500:0.2144  F3000:0.1695  F4000:0.0606  F4500:0.0000,0.0445,1.1486,0.3059,4.8122,0.0146,0.0746,2.1651,0.5338,9.3451,0.0151,0.1465,2.0207,4500,0.0929,2.7159,0.6049,9.6588,400,3.0,61.9,78,False
2026-06-15 22:09:10,31,1,V,False,481,214,4.0,3.5,35.0,15.0,15,15,100|200|400|600|800|1000|1200|1400|1600|1800|2000|2500|3000|4000|4500,0.0366,4500,flat_terrain_default,1400,0.0,,0.0079,2.1651,0.0,9.3451,0.0151,0.0251,2.1651,0.0,9.3451,0.0151,0.3666,2.0207,4500,0.0446,2.1651,0.0,9.3451,1400,1.0,0.6,30,True
2026-06-15 22:09:10,31,2,H,False,462,210,4.5,3.5,30.0,15.0,9,6,100|200|400|600|800|1000,1.8001,1000,elbow,400,0.1323,F100:0.0000  F200:0.0822  F400:0.1323  F600:0.1155  F800:0.0665  F1000:0.0000,0.0571,1.3379,0.4131,5.8714,0.0359,0.0883,2.2747,0.6687,9.7824,0.0361,0.0906,1.457,1000,0.1208,3.138,0.896,14.3083,200,2.0,65.0,51,False
2026-06-15 22:09:10,31,2,V,False,462,210,4.5,3.5,30.0,15.0,15,15,100|200|400|600|800|1000|1200|1400|1600|1800|2000|2500|3000|4000|4500,0.0,4500,flat_terrain_default,1400,0.0,,0.0,2.2747,0.0,9.7824,0.0361,0.0,2.2747,0.0,9.7824,0.0361,0.0,1.457,4500,0.0,2.2747,0.0,9.7824,1400,1.0,0.0,30,True
2026-06-15 22:09:10,31,3,H,False,2563,335,3.5,3.8,15.0,22.0,14,11,100|200|400|600|800|1000|1200|1400|1600|1800|2000,2.3061,2000,elbow,800,0.1664,F100:0.0000  F200:0.0713  F400:0.1361  F600:0.1619  F800:0.1664  F1000:0.1574  F1200:0.1366  F1400:0.1091  F1600:0.0764  F1800:0.0398  F2000:0.0000,0.0459,1.274,0.3114,5.1585,0.0287,0.0849,2.6664,0.6009,13.3632,0.0276,0.1095,2.0987,2000,0.1165,3.5801,0.7977,20.146,200,4.0,70.2,66,False
2026-06-15 22:09:10,31,3,V,False,2563,335,3.5,3.8,15.0,22.0,15,15,100|200|400|600|800|1000|1200|1400|1600|1800|2000|2500|3000|4000|4500,0.0248,4500,flat_terrain_default,1400,0.0,,0.0043,2.6664,0.0,13.3632,0.0276,0.0162,2.6664,0.0,13.3632,0.0276,0.2969,2.0987,4500,0.0291,2.6664,0.0,13.3632,1400,1.0,0.5,30,True
2026-06-15 22:09:10,31,4,H,False,4839,356,3.5,3.8,12.0,22.0,14,11,100|200|400|600|800|1000|1200|1400|1600|1800|2000,2.4151,2000,elbow,800,0.1531,F100:0.0000  F200:0.0697  F400:0.1296  F600:0.1508  F800:0.1531  F1000:0.1436  F1200:0.1258  F1400:0.1008  F1600:0.0707  F1800:0.0369  F2000:0.0000,0.045,1.2911,0.3496,5.3698,0.041,0.0888,2.7039,0.6524,13.3417,0.0408,0.1299,2.178,2000,0.1303,3.7062,1.0496,19.2503,200,4.0,71.2,65,False
2026-06-15 22:09:10,31,4,V,False,4839,356,3.5,3.8,12.0,22.0,15,15,100|200|400|600|800|1000|1200|1400|1600|1800|2000|2500|3000|4000|4500,0.0,4500,flat_terrain_default,1400,0.0,,0.0,2.7039,0.0,13.3417,0.0408,0.0,2.7039,0.0,13.3417,0.0408,0.0,2.178,4500,0.0,2.7039,0.0,13.3417,1400,1.0,0.0,30,True
2026-06-15 22:09:10,31,5,H,False,11224,372,4.0,5.0,15.0,15.0,8,5,100|200|400|600|800,1.1082,800,elbow,400,0.101,F100:0.0000  F200:0.0774  F400:0.1010  F600:0.0652  F800:0.0000,0.0563,1.2302,0.4465,6.0148,0.0637,0.0832,1.8635,0.7408,10.3436,0.0629,0.0853,1.38,800,0.1068,2.3384,1.0099,14.4034,200,2.0,37.3,45,False
2026-06-15 22:09:10,31,5,V,False,11224,372,4.0,5.0,15.0,15.0,15,15,100|200|400|600|800|1000|1200|1400|1600|1800|2000|2500|3000|4000|4500,-0.0007,4500,flat_terrain_default,1200,0.0,,0.6167,1.857,0.0,10.2872,0.0624,0.6161,1.857,0.0,10.2872,0.0624,11.8676,1.377,4500,0.616,1.857,0.0,10.2872,1200,1.0,15.4,30,True
2026-06-15 22:09:10,31,6,H,False,8301,368,4.0,5.5,15.0,15.0,6,3,100|200|400,0.8043,400,elbow,200,0.0815,F100:0.0000  F200:0.0815  F400:0.0000,0.079,1.4034,0.6605,6.6216,0.0892,0.0957,1.7642,0.8333,9.2298,0.0897,0.0821,0.8694,400,0.1201,2.2078,1.1044,12.6766,200,1.0,32.1,33,False
2026-06-15 22:09:10,31,6,V,False,8301,368,4.0,5.5,15.0,15.0,15,15,100|200|400|600|800|1000|1200|1400|1600|1800|2000|2500|3000|4000|4500,0.0,4500,flat_terrain_default,1200,0.0,,0.0,1.7629,0.0,9.2292,0.0894,0.0,1.7629,0.0,9.2292,0.0894,0.0,0.8686,4500,0.0,1.7629,0.0,9.2292,1200,1.0,0.0,30,True
2026-06-15 22:09:10,31,7,H,False,48292,382,4.0,5.5,15.0,20.0,11,8,100|200|400|600|800|1000|1200|1400,1.3023,1400,elbow,600,0.1406,F100:0.0000  F200:0.0840  F400:0.1381  F600:0.1406  F800:0.1225  F1000:0.0901  F1200:0.0481  F1400:0.0000,0.0715,0.9645,0.6629,7.2186,0.0591,0.1158,1.7244,1.1374,14.5251,0.0558,0.1557,1.8041,1400,0.1535,2.2668,1.5288,19.4562,200,3.0,31.4,58,False
2026-06-15 22:09:10,31,7,V,False,48292,382,4.0,5.5,15.0,20.0,15,15,100|200|400|600|800|1000|1200|1400|1600|1800|2000|2500|3000|4000|4500,0.0,4500,flat_terrain_default,1200,0.0,,0.0,1.7468,0.0,14.7309,0.0568,0.0,1.7468,0.0,14.7309,0.0568,0.0,1.8109,4500,0.0,1.7468,0.0,14.7309,1200,1.0,0.0,30,True
2026-06-15 22:46:58,32,1,H,True,628,239,4.0,3.5,43.0,15.0,8,5,100|200|400|600|800,1.3771,800,elbow,400,0.127,F100:0.0000  F200:0.0873  F400:0.1270  F600:0.0859  F800:0.0000,0.0732,1.2887,0.5822,5.3095,0.024,0.1046,2.1262,0.9914,10.2984,0.0246,0.158,1.561,800,0.1289,2.6658,1.0456,14.0801,400,1.0,60.7,47,False
2026-06-15 22:46:58,32,1,V,True,628,239,4.0,3.5,43.0,15.0,15,15,100|200|400|600|800|1000|1200|1400|1600|1800|2000|2500|3000|4000|4500,0.0299,4500,flat_terrain_default,1400,0.0,,0.0099,2.1503,0.0,10.3632,0.025,0.0231,2.1503,0.0,10.3632,0.025,0.3567,1.5585,4500,0.0397,2.1503,0.0,10.3632,1400,1.0,0.6,30,True
2026-06-15 22:46:58,32,2,H,True,35,33,4.5,3.5,38.0,15.0,6,3,100|200|400,1.4234,400,elbow,200,0.0711,F100:0.0000  F200:0.0711  F400:0.0000,0.0947,1.7094,1.3779,6.5395,0.0456,0.1169,2.3269,1.6631,8.6662,0.0454,0.0734,0.7605,400,0.1485,3.1328,1.6966,11.045,200,1.0,66.5,36,False
2026-06-15 22:46:58,32,2,V,True,35,33,4.5,3.5,38.0,15.0,15,15,100|200|400|600|800|1000|1200|1400|1600|1800|2000|2500|3000|4000|4500,0.0,4500,flat_terrain_default,1400,0.0,,0.0,2.3269,0.0,8.6662,0.0454,0.0,2.3269,0.0,8.6662,0.0454,0.0,0.7605,4500,0.0,2.3269,0.0,8.6662,1400,1.0,0.0,30,True
2026-06-15 22:46:58,32,3,H,True,1835,318,3.5,3.8,23.0,22.0,15,12,100|200|400|600|800|1000|1200|1400|1600|1800|2000|2500,2.5135,2500,elbow,800,0.1785,F100:0.0000  F200:0.0674  F400:0.1349  F600:0.1659  F800:0.1785  F1000:0.1762  F1200:0.1654  F1400:0.1493  F1600:0.1291  F1800:0.1057  F2000:0.0787  F2500:0.0000,0.0493,1.1757,0.3351,5.6094,0.0397,0.0928,2.5434,0.643,13.657,0.0389,0.1062,2.2603,2500,0.1427,3.6892,0.9805,20.7791,200,4.0,66.9,67,False
2026-06-15 22:46:58,32,3,V,True,1835,318,3.5,3.8,23.0,22.0,15,15,100|200|400|600|800|1000|1200|1400|1600|1800|2000|2500|3000|4000|4500,0.0,4500,flat_terrain_default,1400,0.0,,0.0,2.5363,0.0,13.6525,0.0387,0.0,2.5363,0.0,13.6525,0.0387,0.0,2.2603,4500,0.0,2.5363,0.0,13.6525,1400,1.0,0.0,30,True
2026-06-15 22:46:58,32,4,H,True,1416,303,3.5,3.8,20.0,22.0,8,5,100|200|400|600|800,2.0663,800,elbow,400,0.0982,F100:0.0000  F200:0.0699  F400:0.0982  F600:0.0654  F800:0.0000,0.0685,1.4401,0.5095,6.3599,0.1018,0.111,2.6127,0.7894,11.4798,0.0994,0.1202,1.5708,800,0.1457,3.5064,1.062,15.8784,200,2.0,68.8,44,False
2026-06-15 22:46:58,32,4,V,True,1416,303,3.5,3.8,20.0,22.0,15,15,100|200|400|600|800|1000|1200|1400|1600|1800|2000|2500|3000|4000|4500,0.0,4500,flat_terrain_default,1400,0.0,,0.0,2.6127,0.0,11.4798,0.0994,0.0,2.6127,0.0,11.4798,0.0994,0.0,1.5708,4500,0.0,2.6127,0.0,11.4798,1400,1.0,0.0,30,True
2026-06-15 22:46:58,32,5,H,True,2167,327,4.0,5.0,23.0,15.0,7,4,100|200|400|600,1.4839,600,elbow,400,0.0729,F100:0.0000  F200:0.0712  F400:0.0729  F600:0.0000,0.0622,1.326,0.4922,6.3971,0.0925,0.1065,2.3694,0.815,11.3894,0.0902,0.1142,1.6887,600,0.1308,2.8099,1.0705,14.0734,200,2.0,47.4,39,False
2026-06-15 22:46:58,32,5,V,True,2167,327,4.0,5.0,23.0,15.0,15,15,100|200|400|600|800|1000|1200|1400|1600|1800|2000|2500|3000|4000|4500,0.0,4500,flat_terrain_default,1200,0.0,,0.0037,2.3742,0.0,11.3862,0.0905,0.0037,2.3742,0.0,11.3862,0.0905,0.0671,1.6883,4500,0.0037,2.3742,0.0,11.3862,1200,1.0,0.1,30,True
2026-06-15 22:46:58,32,6,H,True,3214,344,4.0,5.5,23.0,15.0,6,3,100|200|400,1.3312,400,elbow,200,0.0658,F100:0.0000  F200:0.0658  F400:0.0000,0.0803,1.5901,0.644,7.4644,0.1422,0.102,2.1576,0.8818,9.8848,0.139,0.0971,0.9765,400,0.1365,2.9213,1.1322,13.0544,200,1.0,39.2,35,False
2026-06-15 22:46:58,32,6,V,True,3214,344,4.0,5.5,23.0,15.0,15,15,100|200|400|600|800|1000|1200|1400|1600|1800|2000|2500|3000|4000|4500,0.0,4500,flat_terrain_default,1200,0.0,,0.0,2.1637,0.0,9.8848,0.1402,0.0,2.1637,0.0,9.8848,0.1402,0.0,0.973,4500,0.0,2.1637,0.0,9.8848,1200,1.0,0.0,30,True
2026-06-15 22:46:58,32,7,H,True,23959,379,4.0,5.5,23.0,20.0,7,4,100|200|400|600,2.3616,600,elbow,400,0.0689,F100:0.0000  F200:0.0667  F400:0.0689  F600:0.0000,0.1297,1.8221,1.0273,7.604,0.4374,0.2302,3.4693,1.7823,14.7169,0.3818,0.2455,1.1059,600,0.276,4.1837,2.1563,17.7424,200,2.0,63.1,38,False
2026-06-15 22:46:58,32,7,V,True,23959,379,4.0,5.5,23.0,20.0,15,15,100|200|400|600|800|1000|1200|1400|1600|1800|2000|2500|3000|4000|4500,0.0204,4500,flat_terrain_default,1200,0.0,,0.0048,3.4693,0.0,14.7169,0.3818,0.0132,3.4693,0.0,14.7169,0.3818,0.257,1.1059,4500,0.0253,3.4693,0.0,14.7169,1200,1.0,0.3,30,True
2026-06-15 23:48:29,33,1,H,True,222,141,4.0,3.5,43.0,15.0,5,2,100|200,0.7062,200,highest_safe,200,0.0,,0.1232,1.8413,2.0621,6.7594,0.0786,0.1568,2.5475,2.3896,8.4577,0.0795,0.1162,0.668,200,0.1568,2.5475,2.3896,8.4577,400,0.5,72.8,20,True
2026-06-15 23:48:29,33,1,V,True,222,141,4.0,3.5,43.0,15.0,15,15,100|200|400|600|800|1000|1200|1400|1600|1800|2000|2500|3000|4000|4500,0.0106,4500,flat_terrain_default,1400,0.0,,0.0554,2.5475,0.0,8.4577,0.0795,0.066,2.5475,0.0,8.4577,0.0795,0.781,0.668,4500,0.066,2.5475,0.0,8.4577,1400,1.0,1.7,30,True
2026-06-15 23:48:29,33,2,H,True,76,64,4.5,3.5,38.0,15.0,6,3,100|200|400,1.5234,400,elbow,200,0.0725,F100:0.0000  F200:0.0725  F400:0.0000,0.1107,1.79,2.124,6.2719,0.0531,0.1314,2.454,1.9629,8.8248,0.052,0.1312,0.7143,400,0.1627,3.3135,2.0523,11.4506,200,1.0,70.1,36,False
2026-06-15 23:48:29,33,2,V,True,76,64,4.5,3.5,38.0,15.0,15,15,100|200|400|600|800|1000|1200|1400|1600|1800|2000|2500|3000|4000|4500,0.0432,4500,flat_terrain_default,1400,0.0,,0.0226,2.454,0.0,8.8248,0.052,0.0658,2.454,0.0,8.8248,0.052,0.5222,0.7143,4500,0.0658,2.454,0.0,8.8248,1400,1.0,1.5,30,True
2026-06-15 23:48:29,33,3,H,True,516,221,3.5,3.8,23.0,22.0,6,3,100|200|400,1.7991,400,elbow,200,0.0636,F100:0.0000  F200:0.0636  F400:0.0000,0.0942,1.9545,0.9552,6.7936,0.1212,0.1218,2.7162,1.1958,8.9756,0.1207,0.0784,0.3647,400,0.1574,3.7536,1.2769,12.3923,200,1.0,71.5,35,False
2026-06-15 23:48:29,33,3,V,True,516,221,3.5,3.8,23.0,22.0,15,15,100|200|400|600|800|1000|1200|1400|1600|1800|2000|2500|3000|4000|4500,0.0,4500,flat_terrain_default,1400,0.0,,0.0,2.7162,0.0,8.9756,0.1207,0.0,2.7162,0.0,8.9756,0.1207,0.0,0.3647,4500,0.0,2.7162,0.0,8.9756,1400,1.0,0.0,30,True
2026-06-15 23:48:29,33,4,H,True,984,277,3.5,3.8,20.0,22.0,5,2,100|200,0.8052,200,highest_safe,200,0.0,,0.0909,1.9793,0.6545,6.5902,0.1727,0.1165,2.7845,0.8219,9.1581,0.1697,0.0614,0.3008,200,0.1165,2.7845,0.8219,9.1581,200,1.0,73.3,22,True
2026-06-15 23:48:29,33,4,V,True,984,277,3.5,3.8,20.0,22.0,15,15,100|200|400|600|800|1000|1200|1400|1600|1800|2000|2500|3000|4000|4500,0.0,4500,flat_terrain_default,1400,0.0,,0.0,2.7849,0.0,9.1439,0.17,0.0,2.7849,0.0,9.1439,0.17,0.0,0.3003,4500,0.0,2.7849,0.0,9.1439,1400,1.0,0.0,30,True
2026-06-15 23:48:29,33,5,H,True,1357,300,4.0,5.0,23.0,15.0,6,3,100|200|400,1.9582,400,elbow,200,0.0587,F100:0.0000  F200:0.0587  F400:0.0000,0.0945,1.9963,0.6837,6.5726,0.26,0.1256,2.8117,0.8199,9.0396,0.256,0.0634,0.1957,400,0.1718,3.9545,1.1545,12.9124,200,1.0,56.2,34,False
2026-06-15 23:48:29,33,5,V,True,1357,300,4.0,5.0,23.0,15.0,15,15,100|200|400|600|800|1000|1200|1400|1600|1800|2000|2500|3000|4000|4500,0.0,4500,flat_terrain_default,1200,0.0,,0.0,2.8117,0.0,9.0396,0.256,0.0,2.8117,0.0,9.0396,0.256,0.0,0.1957,4500,0.0,2.8117,0.0,9.0396,1200,1.0,0.0,30,True
2026-06-15 23:48:29,33,6,H,True,860,266,4.0,5.5,23.0,15.0,6,3,100|200|400,1.9926,400,elbow,200,0.0576,F100:0.0000  F200:0.0576  F400:0.0000,0.1019,2.0036,0.6976,7.4484,0.3018,0.1363,2.8301,0.8575,9.6589,0.2956,0.0728,0.1268,400,0.1869,3.9963,1.2714,13.4055,200,1.0,51.5,34,False
2026-06-15 23:48:29,33,6,V,True,860,266,4.0,5.5,23.0,15.0,15,15,100|200|400|600|800|1000|1200|1400|1600|1800|2000|2500|3000|4000|4500,-0.0039,4500,flat_terrain_default,1200,0.0,,0.2611,2.8301,0.0,9.6589,0.2956,0.2598,2.8301,0.0,9.6589,0.2956,4.2293,0.1268,4500,0.2573,2.8301,0.0,9.6589,1200,1.0,6.5,30,True
2026-06-15 23:48:29,33,7,H,True,4182,352,4.0,5.5,23.0,20.0,7,4,100|200|400|600,2.8702,600,elbow,400,0.0649,F100:0.0000  F200:0.0622  F400:0.0649  F600:0.0000,0.1174,2.0085,1.0466,8.1624,0.4264,0.213,3.9941,1.838,14.878,0.3987,0.1138,0.1903,600,0.2649,4.8787,2.5074,17.4922,200,2.0,72.6,38,False
2026-06-15 23:48:29,33,7,V,True,4182,352,4.0,5.5,23.0,20.0,15,15,100|200|400|600|800|1000|1200|1400|1600|1800|2000|2500|3000|4000|4500,0.0,4500,flat_terrain_default,1200,0.0,,0.0,3.9941,0.0,14.878,0.3987,0.0,3.9941,0.0,14.878,0.3987,0.0,0.1903,4500,0.0,3.9941,0.0,14.878,1200,1.0,0.0,30,True
2026-06-16 00:13:53,34,1,H,False,427,203,4.0,3.5,35.0,15.0,6,3,100|200|400,1.3406,400,elbow,200,0.0805,F100:0.0000  F200:0.0805  F400:0.0000,0.1279,1.7555,2.2643,5.9611,0.0574,0.1526,2.355,2.7083,8.1674,0.0579,0.1426,0.7284,400,0.1833,3.0961,3.39,11.3484,400,0.5,67.3,37,False
2026-06-16 00:13:53,34,1,V,False,427,203,4.0,3.5,35.0,15.0,15,15,100|200|400|600|800|1000|1200|1400|1600|1800|2000|2500|3000|4000|4500,-0.0006,4500,flat_terrain_default,1400,0.0,,0.0282,2.355,0.0,8.1674,0.0579,0.0276,2.355,0.0,8.1674,0.0579,0.3926,0.7284,4500,0.0276,2.355,0.0,8.1674,1400,1.0,0.7,30,True
2026-06-16 00:13:53,34,2,H,False,475,213,4.5,3.5,30.0,15.0,6,3,100|200|400,1.5126,400,elbow,200,0.0756,F100:0.0000  F200:0.0756  F400:0.0000,0.1165,1.8058,1.8934,5.9729,0.0781,0.1425,2.4716,2.1188,8.333,0.0781,0.1583,0.7121,400,0.1841,3.3183,2.6097,12.0829,200,1.0,70.6,36,False
2026-06-16 00:13:53,34,2,V,False,475,213,4.5,3.5,30.0,15.0,15,15,100|200|400|600|800|1000|1200|1400|1600|1800|2000|2500|3000|4000|4500,0.0,4500,flat_terrain_default,1400,0.0,,0.0,2.4716,0.0,8.333,0.0781,0.0,2.4716,0.0,8.333,0.0781,0.0,0.7121,4500,0.0,2.4716,0.0,8.333,1400,1.0,0.0,30,True
2026-06-16 00:13:53,34,3,H,False,1817,318,3.5,3.8,15.0,22.0,6,3,100|200|400,1.601,400,elbow,200,0.0628,F100:0.0000  F200:0.0628  F400:0.0000,0.0846,1.8068,1.1985,7.3724,0.1244,0.1089,2.4828,1.286,9.6901,0.1221,0.1042,0.7515,400,0.1387,3.4079,1.6556,13.1319,200,1.0,65.3,35,False
2026-06-16 00:13:53,34,3,V,False,1817,318,3.5,3.8,15.0,22.0,15,15,100|200|400|600|800|1000|1200|1400|1600|1800|2000|2500|3000|4000|4500,0.0,4500,flat_terrain_default,1400,0.0,,0.0,2.4828,0.0,9.6901,0.1221,0.0,2.4828,0.0,9.6901,0.1221,0.0,0.7515,4500,0.0,2.4828,0.0,9.6901,1400,1.0,0.0,30,True
2026-06-16 00:13:53,34,4,H,False,3162,343,3.5,3.8,12.0,22.0,6,3,100|200|400,1.5982,400,elbow,200,0.0623,F100:0.0000  F200:0.0623  F400:0.0000,0.0758,1.8027,0.6664,8.5299,0.1682,0.0956,2.4762,0.8255,11.2945,0.1655,0.0796,0.755,400,0.1251,3.4009,1.2761,15.6439,200,1.0,65.2,35,False
2026-06-16 00:13:53,34,4,V,False,3162,343,3.5,3.8,12.0,22.0,15,15,100|200|400|600|800|1000|1200|1400|1600|1800|2000|2500|3000|4000|4500,0.0,4500,flat_terrain_default,1400,0.0,,0.0,2.4762,0.0,11.2945,0.1655,0.0,2.4762,0.0,11.2945,0.1655,0.0,0.755,4500,0.0,2.4762,0.0,11.2945,1400,1.0,0.0,30,True
2026-06-16 00:13:53,34,5,H,False,2532,334,4.0,5.0,15.0,15.0,5,2,100|200,0.6759,200,highest_safe,200,0.0,,0.0702,1.7886,0.5609,8.3972,0.1887,0.089,2.4645,0.7371,11.4989,0.1855,0.0528,0.7876,200,0.089,2.4645,0.7371,11.4989,200,1.0,49.3,19,True
2026-06-16 00:13:53,34,5,V,False,2532,334,4.0,5.0,15.0,15.0,15,15,100|200|400|600|800|1000|1200|1400|1600|1800|2000|2500|3000|4000|4500,0.0102,4500,flat_terrain_default,1200,0.0,,0.0123,2.4645,0.0,11.4989,0.1855,0.0224,2.4645,0.0,11.4989,0.1855,0.29,0.7876,4500,0.0224,2.4645,0.0,11.4989,1200,1.0,0.6,30,True
2026-06-16 00:13:53,34,6,H,False,157,112,4.0,5.5,15.0,15.0,5,2,100|200,0.7186,200,highest_safe,200,0.0,,0.0683,1.8715,0.5073,8.4926,0.2162,0.0853,2.59,0.641,12.5901,0.2139,0.043,0.6066,200,0.0853,2.59,0.641,12.5901,200,1.0,47.1,20,True
2026-06-16 00:13:53,34,6,V,False,157,112,4.0,5.5,15.0,15.0,15,15,100|200|400|600|800|1000|1200|1400|1600|1800|2000|2500|3000|4000|4500,0.0,4500,flat_terrain_default,1200,0.0,,0.0,2.59,0.0,12.5901,0.2139,0.0,2.59,0.0,12.5901,0.2139,0.0,0.6066,4500,0.0,2.59,0.0,12.5901,1200,1.0,0.0,30,True
2026-06-16 00:29:12,35,1,H,True,999,278,4.0,3.5,43.0,15.0,10,7,100|200|400|600|800|1000|1200,1.338,1200,elbow,400,0.1468,F100:0.0000  F200:0.0862  F400:0.1468  F600:0.1452  F800:0.1121  F1000:0.0619  F1200:0.0000,0.041,0.8575,0.4067,5.9958,0.016,0.0593,1.5002,0.612,9.684,0.0166,0.078,1.6858,1200,0.0854,2.1955,0.814,14.1919,400,1.0,42.9,55,False
2026-06-16 00:29:12,35,1,V,True,999,278,4.0,3.5,43.0,15.0,15,15,100|200|400|600|800|1000|1200|1400|1600|1800|2000|2500|3000|4000|4500,0.0296,4500,flat_terrain_default,1400,0.0,,0.0052,1.5002,0.0,9.684,0.0166,0.0194,1.5002,0.0,9.684,0.0166,0.3229,1.6858,4500,0.0348,1.5002,0.0,9.684,1400,1.0,0.5,30,True
2026-06-16 00:29:12,35,2,H,True,11,11,4.5,3.5,38.0,15.0,15,15,100|200|400|600|800|1000|1200|1400|1600|1800|2000|2500|3000|4000|4500,0.9562,4500,elbow,1800,0.4174,F100:0.0000  F200:0.0954  F400:0.2208  F600:0.2822  F800:0.3295  F1000:0.3685  F1200:0.3939  F1400:0.4043  F1600:0.4128  F1800:0.4174  F2000:0.4018  F2500:0.3214  F3000:0.2411  F4000:0.0804  F4500:0.0000,0.1161,0.9396,1.491,5.9893,0.0062,0.1413,1.8735,1.435,8.4936,0.0041,0.1209,2.5303,4500,0.1422,1.8959,1.435,8.4936,200,9.0,53.5,90,False
2026-06-16 00:29:12,35,2,V,True,11,11,4.5,3.5,38.0,15.0,15,15,100|200|400|600|800|1000|1200|1400|1600|1800|2000|2500|3000|4000|4500,0.0,4500,flat_terrain_default,1400,0.0,,0.0,1.8735,0.0,8.4936,0.0041,0.0,1.8735,0.0,8.4936,0.0041,0.0,2.5303,4500,0.0,1.8735,0.0,8.4936,1400,1.0,0.0,30,True
2026-06-16 00:29:12,35,3,H,True,2539,334,3.5,3.8,23.0,22.0,14,11,100|200|400|600|800|1000|1200|1400|1600|1800|2000,2.4,2000,elbow,800,0.1633,F100:0.0000  F200:0.0690  F400:0.1346  F600:0.1599  F800:0.1633  F1000:0.1519  F1200:0.1311  F1400:0.1050  F1600:0.0737  F1800:0.0382  F2000:0.0000,0.0412,0.9943,0.4095,6.9985,0.0374,0.0868,2.4328,0.7407,14.395,0.0369,0.1155,2.4841,2000,0.1402,3.3943,0.9702,20.6877,200,4.0,64.0,66,False
2026-06-16 00:29:12,35,3,V,True,2539,334,3.5,3.8,23.0,22.0,15,15,100|200|400|600|800|1000|1200|1400|1600|1800|2000|2500|3000|4000|4500,0.0,4500,flat_terrain_default,1400,0.0,,0.0,2.4328,0.0,14.395,0.0369,0.0,2.4328,0.0,14.395,0.0369,0.0,2.4841,4500,0.0,2.4328,0.0,14.395,1400,1.0,0.0,30,True
2026-06-16 00:29:12,35,4,H,True,2806,339,3.5,3.8,20.0,22.0,9,6,100|200|400|600|800|1000,2.3867,1000,elbow,400,0.1044,F100:0.0000  F200:0.0662  F400:0.1044  F600:0.0908  F800:0.0534  F1000:0.0000,0.0611,1.2725,0.5626,7.599,0.0963,0.0985,2.4206,0.8371,12.6141,0.0956,0.1012,1.816,1000,0.1545,3.6592,1.2669,17.8834,200,2.0,63.7,48,False
2026-06-16 00:29:12,35,4,V,True,2806,339,3.5,3.8,20.0,22.0,15,15,100|200|400|600|800|1000|1200|1400|1600|1800|2000|2500|3000|4000|4500,0.0,4500,flat_terrain_default,1400,0.0,,0.0,2.4206,0.0,12.6141,0.0956,0.0,2.4206,0.0,12.6141,0.0956,0.0,1.816,4500,0.0,2.4206,0.0,12.6141,1400,1.0,0.0,30,True
2026-06-16 00:29:12,35,5,H,True,4885,357,4.0,5.0,23.0,15.0,6,3,100|200|400,1.3188,400,elbow,200,0.0629,F100:0.0000  F200:0.0629  F400:0.0000,0.0785,1.4528,0.7622,8.2499,0.1349,0.1026,2.0096,0.9277,10.6618,0.134,0.1033,1.1892,400,0.1369,2.7715,1.177,13.7163,200,1.0,40.2,35,False
2026-06-16 00:29:12,35,5,V,True,4885,357,4.0,5.0,23.0,15.0,15,15,100|200|400|600|800|1000|1200|1400|1600|1800|2000|2500|3000|4000|4500,0.0684,4500,elbow,1400,0.1307,F100:0.0000  F200:0.0352  F400:0.0756  F600:0.0992  F800:0.1140  F1000:0.1232  F1200:0.1285  F1400:0.1307  F1600:0.1305  F1800:0.1283  F2000:0.1247  F2500:0.1098  F3000:0.0886  F4000:0.0326  F4500:0.0000,0.012,2.0096,0.0,10.6618,0.134,0.0448,2.0096,0.0,10.6618,0.134,0.487,1.1892,4500,0.0804,2.0096,0.0,10.6618,1200,1.167,1.1,44,False
2026-06-16 00:29:12,35,6,H,True,3074,342,4.0,5.5,23.0,15.0,5,2,100|200,0.5836,200,highest_safe,200,0.0,,0.0859,1.5175,0.8499,9.1504,0.1577,0.1125,2.1011,1.1005,11.8178,0.1547,0.0829,1.1359,200,0.1125,2.1011,1.1005,11.8178,200,1.0,38.2,17,True
2026-06-16 00:29:12,35,6,V,True,3074,342,4.0,5.5,23.0,15.0,15,15,100|200|400|600|800|1000|1200|1400|1600|1800|2000|2500|3000|4000|4500,0.0,4500,flat_terrain_default,1200,0.0,,0.0,2.1011,0.0,11.8178,0.1547,0.0,2.1011,0.0,11.8178,0.1547,0.0,1.1359,4500,0.0,2.1011,0.0,11.8178,1200,1.0,0.0,30,True
2026-06-16 00:29:12,35,7,H,True,35772,381,4.0,5.5,23.0,20.0,7,4,100|200|400|600,2.2524,600,elbow,400,0.0671,F100:0.0000  F200:0.0637  F400:0.0671  F600:0.0000,0.1492,1.6612,1.4546,9.6911,0.3821,0.2624,3.2265,2.3128,17.2378,0.3486,0.2515,1.4495,600,0.3146,3.9136,2.8763,19.745,200,2.0,58.7,38,False
2026-06-16 00:29:12,35,7,V,True,35772,381,4.0,5.5,23.0,20.0,15,15,100|200|400|600|800|1000|1200|1400|1600|1800|2000|2500|3000|4000|4500,0.0,4500,flat_terrain_default,1200,0.0,,0.0,3.2265,0.0,17.2378,0.3486,0.0,3.2265,0.0,17.2378,0.3486,0.0,1.4495,4500,0.0,3.2265,0.0,17.2378,1200,1.0,0.0,30,True
2026-06-16 02:56:48,36,1,H,True,1736,315,4.0,3.5,43.0,15.0,6,3,100|200|400,1.4687,400,elbow,200,0.0701,F100:0.0000  F200:0.0701  F400:0.0000,0.0996,1.7843,1.4657,6.217,0.0591,0.1249,2.4194,1.7301,8.8129,0.0594,0.1171,0.6693,400,0.1611,3.253,2.0058,12.0838,400,0.5,69.1,36,False
2026-06-16 02:56:48,36,1,V,True,1736,315,4.0,3.5,43.0,15.0,15,15,100|200|400|600|800|1000|1200|1400|1600|1800|2000|2500|3000|4000|4500,-0.0017,4500,flat_terrain_default,1400,0.0,,0.0201,2.4194,0.0,8.8129,0.0594,0.0169,2.4194,0.0,8.8129,0.0594,0.2988,0.6693,4500,0.0184,2.4194,0.0,8.8129,1400,1.0,0.4,30,True
2026-06-16 02:56:48,36,2,H,True,947,274,4.5,3.5,38.0,15.0,5,2,100|200,0.7262,200,highest_safe,200,0.0,,0.1198,1.8944,1.8872,6.6846,0.117,0.1444,2.6206,1.9712,8.9521,0.117,0.1084,0.5274,200,0.1444,2.6206,1.9712,8.9521,200,1.0,74.9,20,True
2026-06-16 02:56:48,36,2,V,True,947,274,4.5,3.5,38.0,15.0,15,15,100|200|400|600|800|1000|1200|1400|1600|1800|2000|2500|3000|4000|4500,0.0,4500,flat_terrain_default,1400,0.0,,0.0,2.6183,0.0,8.9897,0.1167,0.0,2.6183,0.0,8.9897,0.1167,0.0,0.5279,4500,0.0,2.6183,0.0,8.9897,1400,1.0,0.0,30,True
2026-06-16 02:56:48,36,3,H,True,5030,357,3.5,3.8,23.0,22.0,6,3,100|200|400,1.69,400,elbow,200,0.0642,F100:0.0000  F200:0.0642  F400:0.0000,0.0852,1.8779,0.558,7.5141,0.1237,0.1078,2.5947,0.7077,9.7367,0.1215,0.0824,0.5714,400,0.1383,3.5679,0.9552,13.1647,200,1.0,68.3,35,False
2026-06-16 02:56:48,36,3,V,True,5030,357,3.5,3.8,23.0,22.0,15,15,100|200|400|600|800|1000|1200|1400|1600|1800|2000|2500|3000|4000|4500,0.0,4500,flat_terrain_default,1400,0.0,,0.0,2.5947,0.0,9.7367,0.1215,0.0,2.5947,0.0,9.7367,0.1215,0.0,0.5714,4500,0.0,2.5947,0.0,9.7367,1400,1.0,0.0,30,True
2026-06-16 02:56:48,36,4,H,True,6770,364,3.5,3.8,20.0,22.0,6,3,100|200|400,1.6502,400,elbow,200,0.0639,F100:0.0000  F200:0.0639  F400:0.0000,0.0796,1.8632,0.591,7.7253,0.1426,0.1023,2.5625,0.7456,10.0226,0.1404,0.0583,0.5957,400,0.1332,3.5134,0.9556,13.1402,200,1.0,67.4,35,False
2026-06-16 02:56:48,36,4,V,True,6770,364,3.5,3.8,20.0,22.0,15,15,100|200|400|600|800|1000|1200|1400|1600|1800|2000|2500|3000|4000|4500,0.0,4500,flat_terrain_default,1400,0.0,,0.0,2.5625,0.0,10.0226,0.1404,0.0,2.5625,0.0,10.0226,0.1404,0.0,0.5957,4500,0.0,2.5625,0.0,10.0226,1400,1.0,0.0,30,True
2026-06-16 02:56:48,36,5,H,True,8128,367,4.0,5.0,23.0,15.0,6,3,100|200|400,1.7358,400,elbow,200,0.0623,F100:0.0000  F200:0.0623  F400:0.0000,0.0841,1.8893,0.637,7.1637,0.1744,0.1105,2.6208,0.8446,9.587,0.1724,0.0672,0.5503,400,0.1518,3.6251,1.1439,13.3383,200,1.0,52.4,35,False
2026-06-16 02:56:48,36,5,V,True,8128,367,4.0,5.0,23.0,15.0,15,15,100|200|400|600|800|1000|1200|1400|1600|1800|2000|2500|3000|4000|4500,0.0,4500,flat_terrain_default,1200,0.0,,0.0,2.6208,0.0,9.587,0.1724,0.0,2.6208,0.0,9.587,0.1724,0.0,0.5503,4500,0.0,2.6208,0.0,9.587,1200,1.0,0.0,30,True
2026-06-16 02:56:48,36,6,H,True,8102,367,4.0,5.5,23.0,15.0,6,3,100|200|400,1.7904,400,elbow,200,0.0608,F100:0.0000  F200:0.0608  F400:0.0000,0.0984,1.9075,0.6957,7.4438,0.2049,0.1279,2.6584,0.9578,9.9956,0.2027,0.0727,0.5203,400,0.1764,3.6979,1.3278,13.684,200,1.0,48.3,35,False
2026-06-16 02:56:48,36,6,V,True,8102,367,4.0,5.5,23.0,15.0,15,15,100|200|400|600|800|1000|1200|1400|1600|1800|2000|2500|3000|4000|4500,0.0,4500,flat_terrain_default,1200,0.0,,0.0,2.6584,0.0,9.9956,0.2027,0.0,2.6584,0.0,9.9956,0.2027,0.0,0.5203,4500,0.0,2.6584,0.0,9.9956,1200,1.0,0.0,30,True
2026-06-16 02:56:48,36,7,H,True,30343,380,4.0,5.5,23.0,20.0,7,4,100|200|400|600,2.4748,600,elbow,400,0.0701,F100:0.0000  F200:0.0680  F400:0.0701  F600:0.0000,0.1055,1.8902,0.8463,8.2587,0.2972,0.1918,3.6205,1.6408,15.3041,0.2815,0.1156,0.9079,600,0.2418,4.3649,2.1047,17.8035,200,2.0,65.8,39,False
2026-06-16 02:56:48,36,7,V,True,30343,380,4.0,5.5,23.0,20.0,15,15,100|200|400|600|800|1000|1200|1400|1600|1800|2000|2500|3000|4000|4500,0.0,4500,flat_terrain_default,1200,0.0,,0.0,3.6205,0.0,15.3041,0.2815,0.0,3.6205,0.0,15.3041,0.2815,0.0,0.9079,4500,0.0,3.6205,0.0,15.3041,1200,1.0,0.0,30,True
2026-06-16 04:17:36,38,1,H,False,570,230,4.0,3.5,35.0,15.0,9,6,100|200|400|600|800|1000,1.3979,1000,elbow,400,0.1349,F100:0.0000  F200:0.0880  F400:0.1349  F600:0.1171  F800:0.0676  F1000:0.0000,0.0422,1.1379,0.3154,5.1983,0.0194,0.0588,1.8705,0.4203,10.0448,0.0198,0.0508,1.4929,1000,0.0747,2.5358,0.5901,14.3884,400,1.0,53.4,51,False
2026-06-16 04:17:36,38,1,V,False,570,230,4.0,3.5,35.0,15.0,15,15,100|200|400|600|800|1000|1200|1400|1600|1800|2000|2500|3000|4000|4500,0.0356,4500,flat_terrain_default,1400,0.0,,0.0062,1.8705,0.0,10.0448,0.0198,0.0233,1.8705,0.0,10.0448,0.0198,0.3532,1.4929,4500,0.0418,1.8705,0.0,10.0448,1400,1.0,0.6,30,True
2026-06-16 04:17:36,38,3,H,False,3104,342,3.5,3.8,15.0,22.0,15,13,100|200|400|600|800|1000|1200|1400|1600|1800|2000|2500|3000,2.187,3000,elbow,1000,0.1744,F100:0.0000  F200:0.0616  F400:0.1240  F600:0.1540  F800:0.1692  F1000:0.1744  F1200:0.1721  F1400:0.1649  F1600:0.1537  F1800:0.1387  F2000:0.1213  F2500:0.0656  F3000:0.0000,0.0406,1.0,0.3056,5.1901,0.0268,0.0768,2.218,0.6191,13.7474,0.0278,0.0986,2.3946,3000,0.1229,3.187,0.9186,21.0599,200,5.0,58.4,67,False
2026-06-16 04:17:36,38,3,V,False,3104,342,3.5,3.8,15.0,22.0,15,15,100|200|400|600|800|1000|1200|1400|1600|1800|2000|2500|3000|4000|4500,0.0,4500,flat_terrain_default,1400,0.0,,0.0,2.218,0.0,13.7474,0.0278,0.0,2.218,0.0,13.7474,0.0278,0.0,2.3946,4500,0.0,2.218,0.0,13.7474,1400,1.0,0.0,30,True
2026-06-16 04:17:36,38,4,H,False,2692,337,3.5,3.8,12.0,22.0,15,12,100|200|400|600|800|1000|1200|1400|1600|1800|2000|2500,2.0266,2500,elbow,800,0.1551,F100:0.0000  F200:0.0608  F400:0.1212  F600:0.1464  F800:0.1551  F1000:0.1538  F1200:0.1452  F1400:0.1314  F1600:0.1137  F1800:0.0928  F2000:0.0692  F2500:0.0000,0.0365,0.9566,0.2971,5.3208,0.0386,0.0688,1.9922,0.5662,11.9117,0.0372,0.0919,2.1671,2500,0.1142,2.9832,1.0213,21.0232,200,4.0,52.4,65,False
2026-06-16 04:17:36,38,4,V,False,2692,337,3.5,3.8,12.0,22.0,15,15,100|200|400|600|800|1000|1200|1400|1600|1800|2000|2500|3000|4000|4500,0.0,4500,flat_terrain_default,1400,0.0,,0.0,1.9922,0.0,11.9117,0.0372,0.0,1.9922,0.0,11.9117,0.0372,0.0,2.1671,4500,0.0,1.9922,0.0,11.9117,1400,1.0,0.0,30,True
2026-06-16 04:17:36,38,5,H,False,11784,373,4.0,5.0,15.0,15.0,10,7,100|200|400|600|800|1000|1200,1.3006,1200,elbow,400,0.1116,F100:0.0000  F200:0.0652  F400:0.1116  F600:0.1104  F800:0.0861  F1000:0.0475  F1200:0.0000,0.0352,0.8008,0.3239,5.442,0.0476,0.0551,1.3608,0.5433,8.959,0.0471,0.0749,1.6205,1200,0.0934,2.1014,0.8947,14.9448,200,2.0,27.2,52,False
2026-06-16 04:17:36,38,5,V,False,11784,373,4.0,5.0,15.0,15.0,15,15,100|200|400|600|800|1000|1200|1400|1600|1800|2000|2500|3000|4000|4500,0.0,4500,flat_terrain_default,1200,0.0,,0.0,1.3608,0.0,8.959,0.0471,0.0,1.3608,0.0,8.959,0.0471,0.0,1.6205,4500,0.0,1.3608,0.0,8.959,1200,1.0,0.0,30,True
2026-06-16 04:17:36,38,7,H,False,54520,382,4.0,5.5,15.0,20.0,15,12,100|200|400|600|800|1000|1200|1400|1600|1800|2000|2500,1.4829,2500,elbow,800,0.1466,F100:0.0000  F200:0.0585  F400:0.1133  F600:0.1376  F800:0.1466  F1000:0.1451  F1200:0.1369  F1400:0.1243  F1600:0.1081  F1800:0.0881  F2000:0.0657  F2500:0.0000,0.0445,0.7461,0.4319,5.5856,0.0469,0.0869,1.486,0.8766,13.2941,0.0419,0.1373,2.047,2500,0.1441,2.229,1.2495,19.4614,200,4.0,27.0,64,False
2026-06-16 04:17:36,38,7,V,False,54520,382,4.0,5.5,15.0,20.0,15,15,100|200|400|600|800|1000|1200|1400|1600|1800|2000|2500|3000|4000|4500,-0.0001,4500,flat_terrain_default,1200,0.0,,0.6084,1.4792,0.0,13.2559,0.0417,0.6078,1.4792,0.0,13.2559,0.0417,11.8647,2.0439,4500,0.6083,1.4792,0.0,13.2559,1200,1.0,15.2,30,True
2026-06-16 03:42:48,37,1,H,True,1393,302,4.0,3.5,43.0,15.0,7,4,100|200|400|600,1.7959,600,elbow,400,0.086,F100:0.0000  F200:0.0833  F400:0.0860  F600:0.0000,0.0967,1.6788,1.2708,6.2862,0.0466,0.1491,2.9746,1.6898,11.2847,0.0471,0.1284,1.294,600,0.1694,3.4747,1.7061,13.0404,400,1.0,85.0,40,False
2026-06-16 03:42:48,37,1,V,True,1393,302,4.0,3.5,43.0,15.0,15,15,100|200|400|600|800|1000|1200|1400|1600|1800|2000|2500|3000|4000|4500,-0.0094,4500,flat_terrain_default,1400,0.0,,0.0661,2.9746,0.0,11.2847,0.0471,0.0617,2.9746,0.0,11.2847,0.0471,1.071,1.294,4500,0.0567,2.9746,0.0,11.2847,1400,1.0,1.5,30,True
2026-06-16 03:42:48,37,2,H,True,786,259,4.5,3.5,38.0,15.0,6,3,100|200|400,1.3392,400,elbow,200,0.0759,F100:0.0000  F200:0.0759  F400:0.0000,0.1131,1.6867,1.4703,6.3129,0.0507,0.1361,2.2769,1.7022,8.7958,0.0499,0.1032,0.8548,400,0.1708,3.0259,2.0425,11.8234,200,1.0,65.1,36,False
2026-06-16 03:42:48,37,2,V,True,786,259,4.5,3.5,38.0,15.0,15,15,100|200|400|600|800|1000|1200|1400|1600|1800|2000|2500|3000|4000|4500,-0.0093,4500,flat_terrain_default,1400,0.0,,0.1492,2.2769,0.0,8.7958,0.0499,0.1469,2.2769,0.0,8.7958,0.0499,2.359,0.8548,4500,0.1399,2.2769,0.0,8.7958,1400,1.0,3.3,30,True
2026-06-16 03:42:48,37,3,H,True,3360,345,3.5,3.8,23.0,22.0,6,3,100|200|400,1.6478,400,elbow,200,0.0672,F100:0.0000  F200:0.0672  F400:0.0000,0.0966,1.8599,0.999,7.9075,0.0977,0.1243,2.5658,1.3168,10.1175,0.0959,0.1005,0.6103,400,0.1625,3.5077,1.5977,13.4278,200,1.0,67.5,35,False
2026-06-16 03:42:48,37,3,V,True,3360,345,3.5,3.8,23.0,22.0,15,15,100|200|400|600|800|1000|1200|1400|1600|1800|2000|2500|3000|4000|4500,0.0,4500,flat_terrain_default,1400,0.0,,0.0,2.5658,0.0,10.1175,0.0959,0.0,2.5658,0.0,10.1175,0.0959,0.0,0.6103,4500,0.0,2.5658,0.0,10.1175,1400,1.0,0.0,30,True
2026-06-16 03:42:48,37,4,H,True,5620,360,3.5,3.8,20.0,22.0,6,3,100|200|400,1.8147,400,elbow,200,0.0626,F100:0.0000  F200:0.0626  F400:0.0000,0.1219,1.925,1.2817,7.6747,0.1679,0.1565,2.6907,1.5495,10.2196,0.1637,0.1377,0.4757,400,0.2081,3.7397,1.8135,13.503,200,1.0,70.8,35,False
2026-06-16 03:42:48,37,4,V,True,5620,360,3.5,3.8,20.0,22.0,15,15,100|200|400|600|800|1000|1200|1400|1600|1800|2000|2500|3000|4000|4500,0.0,4500,flat_terrain_default,1400,0.0,,0.0,2.6907,0.0,10.2196,0.1637,0.0,2.6907,0.0,10.2196,0.1637,0.0,0.4757,4500,0.0,2.6907,0.0,10.2196,1400,1.0,0.0,30,True
2026-06-16 03:42:48,37,5,H,True,9377,370,4.0,5.0,23.0,15.0,6,3,100|200|400,1.8629,400,elbow,200,0.062,F100:0.0000  F200:0.0620  F400:0.0000,0.1182,1.9657,1.0102,7.3651,0.206,0.1568,2.7499,1.2217,9.6846,0.2033,0.12,0.3555,400,0.214,3.8286,1.7113,13.2255,200,1.0,55.0,35,False
2026-06-16 03:42:48,37,5,V,True,9377,370,4.0,5.0,23.0,15.0,15,15,100|200|400|600|800|1000|1200|1400|1600|1800|2000|2500|3000|4000|4500,0.0,4500,flat_terrain_default,1200,0.0,,0.0,2.7499,0.0,9.6846,0.2033,0.0,2.7499,0.0,9.6846,0.2033,0.0,0.3555,4500,0.0,2.7499,0.0,9.6846,1200,1.0,0.0,30,True
2026-06-16 03:42:48,37,6,H,True,5618,360,4.0,5.5,23.0,15.0,6,3,100|200|400,1.9082,400,elbow,200,0.0592,F100:0.0000  F200:0.0592  F400:0.0000,0.1152,1.9688,0.9379,7.1375,0.2565,0.1502,2.7645,1.1778,9.8873,0.2521,0.0958,0.3469,400,0.2055,3.877,1.5608,12.9997,200,1.0,50.3,34,False
2026-06-16 03:42:48,37,6,V,True,5618,360,4.0,5.5,23.0,15.0,15,15,100|200|400|600|800|1000|1200|1400|1600|1800|2000|2500|3000|4000|4500,0.0,4500,flat_terrain_default,1200,0.0,,0.0,2.7645,0.0,9.8873,0.2521,0.0,2.7645,0.0,9.8873,0.2521,0.0,0.3469,4500,0.0,2.7645,0.0,9.8873,1200,1.0,0.0,30,True
2026-06-16 03:42:48,37,7,H,True,32508,380,4.0,5.5,23.0,20.0,8,5,100|200|400|600|800,3.5003,800,elbow,400,0.0877,F100:0.0000  F200:0.0619  F400:0.0877  F600:0.0577  F800:0.0000,0.1328,1.9768,1.0466,7.8129,0.5018,0.2437,3.9112,1.8462,13.6852,0.4754,0.2248,0.5264,800,0.3526,5.4771,2.9402,18.4794,200,2.0,71.1,43,False
2026-06-16 03:42:48,37,7,V,True,32508,380,4.0,5.5,23.0,20.0,15,15,100|200|400|600|800|1000|1200|1400|1600|1800|2000|2500|3000|4000|4500,0.0,4500,flat_terrain_default,1200,0.0,,0.0,3.9112,0.0,13.6852,0.4754,0.0,3.9112,0.0,13.6852,0.4754,0.0,0.5264,4500,0.0,3.9112,0.0,13.6852,1200,1.0,0.0,30,True
2026-06-16 04:21:11,39,1,H,False,1527,308,4.0,3.5,35.0,15.0,8,5,100|200|400|600|800,1.7352,800,elbow,400,0.1183,F100:0.0000  F200:0.0851  F400:0.1183  F600:0.0779  F800:0.0000,0.0826,1.42,1.4212,5.8439,0.0393,0.1246,2.4539,1.6882,10.3751,0.0398,0.149,1.4708,800,0.1589,3.1552,2.0913,14.1359,400,1.0,70.1,46,False
2026-06-16 04:21:11,39,1,V,False,1527,308,4.0,3.5,35.0,15.0,15,15,100|200|400|600|800|1000|1200|1400|1600|1800|2000|2500|3000|4000|4500,-0.0039,4500,flat_terrain_default,1400,0.0,,0.3558,2.4539,0.0,10.3751,0.0398,0.3549,2.4539,0.0,10.3751,0.0398,6.2187,1.4708,4500,0.3518,2.4539,0.0,10.3751,1400,1.0,8.9,30,True
2026-06-16 04:21:11,39,2,H,False,867,267,4.5,3.5,30.0,15.0,6,3,100|200|400,1.3698,400,elbow,200,0.0697,F100:0.0000  F200:0.0697  F400:0.0000,0.103,1.6626,1.7043,5.8882,0.0569,0.1286,2.2542,1.822,8.3748,0.0574,0.1531,0.8817,400,0.1658,3.0323,1.9786,11.5193,200,1.0,64.4,35,False
2026-06-16 04:21:11,39,2,V,False,867,267,4.5,3.5,30.0,15.0,15,15,100|200|400|600|800|1000|1200|1400|1600|1800|2000|2500|3000|4000|4500,-0.0059,4500,flat_terrain_default,1400,0.0,,0.1826,2.2542,0.0,8.3748,0.0574,0.1767,2.2542,0.0,8.3748,0.0574,2.8818,0.8817,4500,0.1767,2.2542,0.0,8.3748,1400,1.0,3.9,30,True
2026-06-16 04:21:11,39,3,H,False,3648,348,3.5,3.8,15.0,22.0,7,4,100|200|400|600,1.7954,600,elbow,400,0.0786,F100:0.0000  F200:0.0776  F400:0.0786  F600:0.0000,0.0662,1.5991,0.7523,8.0478,0.0749,0.1024,2.8759,0.9872,13.3811,0.071,0.0961,1.3898,600,0.1182,3.3945,1.0423,15.7552,200,2.0,75.7,39,False
2026-06-16 04:21:11,39,3,V,False,3648,348,3.5,3.8,15.0,22.0,15,15,100|200|400|600|800|1000|1200|1400|1600|1800|2000|2500|3000|4000|4500,0.0,4500,flat_terrain_default,1400,0.0,,0.0,2.8759,0.0,13.3811,0.071,0.0,2.8759,0.0,13.3811,0.071,0.0,1.3898,4500,0.0,2.8759,0.0,13.3811,1400,1.0,0.0,30,True
2026-06-16 04:21:11,39,4,H,False,5705,360,3.5,3.8,12.0,22.0,7,4,100|200|400|600,1.9145,600,elbow,400,0.0752,F100:0.0000  F200:0.0728  F400:0.0752  F600:0.0000,0.0695,1.6546,0.699,7.4379,0.1098,0.1186,3.0068,1.1837,13.7987,0.1061,0.1,1.3242,600,0.1408,3.5691,1.2867,16.6646,200,2.0,79.1,39,False
2026-06-16 04:21:11,39,4,V,False,5705,360,3.5,3.8,12.0,22.0,15,15,100|200|400|600|800|1000|1200|1400|1600|1800|2000|2500|3000|4000|4500,0.0159,4500,flat_terrain_default,1400,0.0,,0.0135,3.0068,0.0,13.7987,0.1061,0.0196,3.0068,0.0,13.7987,0.1061,0.3708,1.3242,4500,0.0294,3.0068,0.0,13.7987,1400,1.0,0.6,30,True
2026-06-16 04:21:11,39,5,H,False,14009,374,4.0,5.0,15.0,15.0,6,3,100|200|400,1.2899,400,elbow,200,0.0642,F100:0.0000  F200:0.0642  F400:0.0000,0.0686,1.5954,0.6809,7.438,0.1454,0.0908,2.1425,0.9301,9.8813,0.1444,0.0662,0.9543,400,0.1213,2.8853,1.1719,13.8497,200,1.0,42.9,35,False
2026-06-16 04:21:11,39,5,V,False,14009,374,4.0,5.0,15.0,15.0,15,15,100|200|400|600|800|1000|1200|1400|1600|1800|2000|2500|3000|4000|4500,0.0,4500,flat_terrain_default,1200,0.0,,0.0,2.1425,0.0,9.8813,0.1444,0.0,2.1425,0.0,9.8813,0.1444,0.0,0.9543,4500,0.0,2.1425,0.0,9.8813,1200,1.0,0.0,30,True
2026-06-16 04:21:11,39,6,H,False,5890,361,4.0,5.5,15.0,15.0,6,3,100|200|400,1.2627,400,elbow,200,0.0659,F100:0.0000  F200:0.0659  F400:0.0000,0.0803,1.5842,0.8188,6.808,0.2156,0.1063,2.1228,1.1005,9.4234,0.2133,0.0893,0.9419,400,0.1517,2.8468,1.4986,13.2789,200,1.0,38.6,35,False
2026-06-16 04:21:11,39,6,V,False,5890,361,4.0,5.5,15.0,15.0,15,15,100|200|400|600|800|1000|1200|1400|1600|1800|2000|2500|3000|4000|4500,0.0,4500,flat_terrain_default,1200,0.0,,0.0,2.1228,0.0,9.4234,0.2133,0.0,2.1228,0.0,9.4234,0.2133,0.0,0.9419,4500,0.0,2.1228,0.0,9.4234,1200,1.0,0.0,30,True
2026-06-16 04:21:11,39,7,H,False,39558,381,4.0,5.5,15.0,20.0,8,5,100|200|400|600|800,2.2151,800,elbow,400,0.0904,F100:0.0000  F200:0.0644  F400:0.0904  F600:0.0598  F800:0.0000,0.0847,1.5475,0.9323,8.2666,0.2666,0.162,2.7801,1.8328,14.4789,0.2542,0.1472,1.5165,800,0.2406,3.7626,2.7376,19.9499,200,2.0,50.5,44,False
2026-06-16 04:21:11,39,7,V,False,39558,381,4.0,5.5,15.0,20.0,15,15,100|200|400|600|800|1000|1200|1400|1600|1800|2000|2500|3000|4000|4500,0.0,4500,flat_terrain_default,1200,0.0,,0.0,2.7801,0.0,14.4789,0.2542,0.0,2.7801,0.0,14.4789,0.2542,0.0,1.5165,4500,0.0,2.7801,0.0,14.4789,1200,1.0,0.0,30,True
2026-06-16 04:46:08,40,1,H,False,954,275,4.0,3.5,35.0,15.0,13,10,100|200|400|600|800|1000|1200|1400|1600|1800,1.5684,1800,elbow,600,0.2252,F100:0.0000  F200:0.1170  F400:0.2089  F600:0.2252  F800:0.2120  F1000:0.1823  F1200:0.1440  F1400:0.1004  F1600:0.0523  F1800:0.0000,0.0679,1.2195,0.8714,5.4646,0.0225,0.1009,2.1802,1.0942,11.1943,0.0232,0.1034,1.6641,1800,0.126,2.7878,1.2106,14.7584,400,1.5,62.3,72,False
2026-06-16 04:46:08,40,1,V,False,954,275,4.0,3.5,35.0,15.0,15,15,100|200|400|600|800|1000|1200|1400|1600|1800|2000|2500|3000|4000|4500,0.059,4500,elbow,1400,0.1306,F100:0.0000  F200:0.0352  F400:0.0757  F600:0.0992  F800:0.1140  F1000:0.1233  F1200:0.1285  F1400:0.1306  F1600:0.1305  F1800:0.1285  F2000:0.1248  F2500:0.1099  F3000:0.0887  F4000:0.0327  F4500:0.0000,0.0103,2.1802,0.0,11.1943,0.0232,0.0386,2.1802,0.0,11.1943,0.0232,0.4515,1.6641,4500,0.0693,2.1802,0.0,11.1943,1400,1.0,1.0,44,False
2026-06-16 04:46:08,40,2,H,False,170,119,4.5,3.5,30.0,15.0,7,4,100|200|400|600,1.7686,600,elbow,400,0.0816,F100:0.0000  F200:0.0759  F400:0.0816  F600:0.0000,0.0951,1.5368,1.2296,5.8887,0.0543,0.1487,2.8022,1.6864,10.4452,0.055,0.1196,1.4881,600,0.1713,3.3054,1.8948,13.3909,200,2.0,80.1,40,False
2026-06-16 04:46:08,40,2,V,False,170,119,4.5,3.5,30.0,15.0,15,15,100|200|400|600|800|1000|1200|1400|1600|1800|2000|2500|3000|4000|4500,0.0,4500,flat_terrain_default,1400,0.0,,0.0,2.8022,0.0,10.4452,0.055,0.0,2.8022,0.0,10.4452,0.055,0.0,1.4881,4500,0.0,2.8022,0.0,10.4452,1400,1.0,0.0,30,True
2026-06-16 04:46:08,40,3,H,False,3198,344,3.5,3.8,15.0,22.0,14,11,100|200|400|600|800|1000|1200|1400|1600|1800|2000,2.3929,2000,elbow,800,0.1713,F100:0.0000  F200:0.0761  F400:0.1449  F600:0.1691  F800:0.1713  F1000:0.1600  F1200:0.1393  F1400:0.1116  F1600:0.0785  F1800:0.0406  F2000:0.0000,0.0527,1.1698,0.5059,6.4938,0.0359,0.1088,2.6311,0.9699,14.1487,0.0332,0.121,2.2191,2000,0.1491,3.5627,1.3443,19.5269,200,4.0,69.2,67,False
2026-06-16 04:46:08,40,3,V,False,3198,344,3.5,3.8,15.0,22.0,15,15,100|200|400|600|800|1000|1200|1400|1600|1800|2000|2500|3000|4000|4500,0.0246,4500,flat_terrain_default,1400,0.0,,0.0043,2.6311,0.0,14.1487,0.0332,0.0161,2.6311,0.0,14.1487,0.0332,0.2985,2.2191,4500,0.0289,2.6311,0.0,14.1487,1400,1.0,0.5,30,True
2026-06-16 04:46:08,40,4,H,False,4419,354,3.5,3.8,12.0,22.0,14,11,100|200|400|600|800|1000|1200|1400|1600|1800|2000,2.3922,2000,elbow,800,0.1545,F100:0.0000  F200:0.0663  F400:0.1279  F600:0.1515  F800:0.1545  F1000:0.1440  F1200:0.1252  F1400:0.1005  F1600:0.0710  F1800:0.0368  F2000:0.0000,0.0562,1.1203,0.5582,6.7825,0.0458,0.1152,2.5244,1.0532,15.1968,0.0412,0.136,2.309,2000,0.1649,3.5125,1.4137,21.6873,200,4.0,66.4,65,False
2026-06-16 04:46:08,40,4,V,False,4419,354,3.5,3.8,12.0,22.0,15,15,100|200|400|600|800|1000|1200|1400|1600|1800|2000|2500|3000|4000|4500,0.0,4500,flat_terrain_default,1400,0.0,,0.0,2.5244,0.0,15.1968,0.0412,0.0,2.5244,0.0,15.1968,0.0412,0.0,2.309,4500,0.0,2.5244,0.0,15.1968,1400,1.0,0.0,30,True
2026-06-16 04:46:08,40,5,H,False,20599,378,4.0,5.0,15.0,15.0,6,3,100|200|400,0.7661,400,elbow,200,0.0717,F100:0.0000  F200:0.0717  F400:0.0000,0.0636,1.0941,0.662,7.2535,0.082,0.0793,1.427,0.8424,9.8347,0.0821,0.0901,1.1503,400,0.0992,1.8601,1.0079,12.8991,200,1.0,28.5,31,False
2026-06-16 04:46:08,40,5,V,False,20599,378,4.0,5.0,15.0,15.0,15,15,100|200|400|600|800|1000|1200|1400|1600|1800|2000|2500|3000|4000|4500,-0.0012,4500,flat_terrain_default,1200,0.0,,0.4753,1.427,0.0,9.8347,0.0821,0.4749,1.427,0.0,9.8347,0.0821,9.22,1.1503,4500,0.4741,1.427,0.0,9.8347,1200,1.0,11.9,30,True
2026-06-16 04:46:08,40,6,H,False,2764,338,4.0,5.5,15.0,15.0,5,2,100|200,0.3453,200,highest_safe,200,0.0,,0.0729,1.1297,0.6677,8.6473,0.1364,0.0913,1.475,0.8811,11.3096,0.1357,0.1742,1.1325,200,0.0913,1.475,0.8811,11.3096,200,1.0,26.8,12,True
2026-06-16 04:46:08,40,6,V,False,2764,338,4.0,5.5,15.0,15.0,15,15,100|200|400|600|800|1000|1200|1400|1600|1800|2000|2500|3000|4000|4500,-0.0026,4500,flat_terrain_default,1200,0.0,,0.3038,1.475,0.0,11.3096,0.1357,0.304,1.475,0.0,11.3096,0.1357,5.58,1.1325,4500,0.3013,1.475,0.0,11.3096,1200,1.0,7.6,30,True
2026-06-16 04:46:08,40,7,H,False,36913,381,4.0,5.5,15.0,20.0,13,10,100|200|400|600|800|1000|1200|1400|1600|1800,1.4084,1800,elbow,600,0.168,F100:0.0000  F200:0.0877  F400:0.1537  F600:0.1680  F800:0.1604  F1000:0.1408  F1200:0.1129  F1400:0.0789  F1600:0.0411  F1800:0.0000,0.0629,1.0215,0.6033,7.3783,0.0635,0.1009,1.7703,0.9842,14.4059,0.0538,0.1279,1.7001,1800,0.1436,2.4299,1.5537,19.9212,200,3.0,32.2,66,False
2026-06-16 04:46:08,40,7,V,False,36913,381,4.0,5.5,15.0,20.0,15,15,100|200|400|600|800|1000|1200|1400|1600|1800|2000|2500|3000|4000|4500,0.0,4500,flat_terrain_default,1200,0.0,,0.0,1.7703,0.0,14.4059,0.0538,0.0,1.7703,0.0,14.4059,0.0538,0.0,1.7001,4500,0.0,1.7703,0.0,14.4059,1200,1.0,0.0,30,True
2026-06-16 06:40:24,44,1,H,False,69,59,4.0,3.5,35.0,15.0,5,2,100|200,0.707,200,highest_safe,200,0.0,,0.1154,1.8552,1.8989,6.2062,0.0658,0.1485,2.5622,2.7323,8.313,0.0655,0.1469,0.588,200,0.1485,2.5622,2.7323,8.313,400,0.5,73.2,20,True
2026-06-16 06:40:24,44,1,V,False,69,59,4.0,3.5,35.0,15.0,15,15,100|200|400|600|800|1000|1200|1400|1600|1800|2000|2500|3000|4000|4500,0.0099,4500,flat_terrain_default,1400,0.0,,0.1343,2.5622,0.0,8.313,0.0655,0.1443,2.5622,0.0,8.313,0.0655,0.8004,0.588,4500,0.1443,2.5622,0.0,8.313,1400,1.0,3.6,30,True
2026-06-16 06:40:24,44,2,H,False,84,70,4.5,3.5,30.0,15.0,5,2,100|200,0.7768,200,highest_safe,200,0.0,,0.1317,1.962,2.1031,8.1787,0.1013,0.1658,2.7388,2.5727,10.1078,0.098,0.096,0.3938,200,0.1658,2.7388,2.5727,10.1078,200,1.0,78.3,21,True
2026-06-16 06:40:24,44,2,V,False,84,70,4.5,3.5,30.0,15.0,15,15,100|200|400|600|800|1000|1200|1400|1600|1800|2000|2500|3000|4000|4500,-0.0332,4500,flat_terrain_default,1400,0.0,,0.3855,2.7388,0.0,10.1078,0.098,0.3738,2.7388,0.0,10.1078,0.098,3.1053,0.3938,4500,0.3524,2.7388,0.0,10.1078,1400,1.0,8.3,30,True
2026-06-16 06:40:24,44,3,H,False,383,193,3.5,3.8,15.0,22.0,6,3,100|200|400,1.8001,400,elbow,200,0.0615,F100:0.0000  F200:0.0615  F400:0.0000,0.0798,1.9297,0.6828,7.9956,0.1651,0.1001,2.6864,0.7763,11.3507,0.1599,0.0995,0.4294,400,0.1336,3.7298,0.8857,14.5779,200,1.0,70.7,35,False
2026-06-16 06:40:24,44,3,V,False,383,193,3.5,3.8,15.0,22.0,15,15,100|200|400|600|800|1000|1200|1400|1600|1800|2000|2500|3000|4000|4500,0.0,4500,flat_terrain_default,1400,0.0,,0.0,2.6864,0.0,11.3507,0.1599,0.0,2.6864,0.0,11.3507,0.1599,0.0,0.4294,4500,0.0,2.6864,0.0,11.3507,1400,1.0,0.0,30,True
2026-06-16 06:40:24,44,4,H,False,279,162,3.5,3.8,12.0,22.0,6,3,100|200|400,1.8345,400,elbow,200,0.0617,F100:0.0000  F200:0.0617  F400:0.0000,0.0833,1.9417,0.6187,7.919,0.2148,0.1045,2.7133,0.887,11.0283,0.21,0.081,0.3626,400,0.1393,3.7762,1.2165,14.565,200,1.0,71.4,35,False
2026-06-16 06:40:24,44,4,V,False,279,162,3.5,3.8,12.0,22.0,15,15,100|200|400|600|800|1000|1200|1400|1600|1800|2000|2500|3000|4000|4500,0.0479,4500,flat_terrain_default,1400,0.0,,0.0092,2.7133,0.0,11.0283,0.21,0.0345,2.7133,0.0,11.0283,0.21,0.4374,0.3626,4500,0.0571,2.7133,0.0,11.0283,1400,1.0,1.0,30,True
2026-06-16 06:40:24,44,5,H,False,434,205,4.0,5.0,15.0,15.0,5,2,100|200,0.8045,200,highest_safe,200,0.0,,0.0715,1.9761,0.5021,8.8566,0.3392,0.092,2.7807,0.6658,12.0933,0.3318,0.0375,0.2736,200,0.092,2.7807,0.6658,12.0933,200,1.0,55.6,22,True
2026-06-16 06:40:24,44,5,V,False,434,205,4.0,5.0,15.0,15.0,15,15,100|200|400|600|800|1000|1200|1400|1600|1800|2000|2500|3000|4000|4500,0.0139,4500,flat_terrain_default,1200,0.0,,0.0071,2.7807,0.0,12.0933,0.3318,0.0211,2.7807,0.0,12.0933,0.3318,0.3009,0.2736,4500,0.0211,2.7807,0.0,12.0933,1200,1.0,0.5,30,True
2026-06-16 06:40:24,44,6,H,False,124,94,4.0,5.5,15.0,15.0,6,3,100|200|400,1.8823,400,elbow,200,0.0612,F100:0.0000  F200:0.0612  F400:0.0000,0.0802,1.9688,0.6705,8.1267,0.3202,0.1048,2.7592,0.8758,11.2541,0.3095,0.0454,0.2743,400,0.1517,3.8511,1.2361,14.9008,200,1.0,50.2,35,False
2026-06-16 06:40:24,44,6,V,False,124,94,4.0,5.5,15.0,15.0,15,15,100|200|400|600|800|1000|1200|1400|1600|1800|2000|2500|3000|4000|4500,0.0,4500,flat_terrain_default,1200,0.0,,0.0,2.7592,0.0,11.2541,0.3095,0.0,2.7592,0.0,11.2541,0.3095,0.0,0.2743,4500,0.0,2.7592,0.0,11.2541,1200,1.0,0.0,30,True
2026-06-16 06:40:24,44,7,H,False,493,217,4.0,5.5,15.0,20.0,7,4,100|200|400|600,2.8423,600,elbow,400,0.0655,F100:0.0000  F200:0.0624  F400:0.0655  F600:0.0000,0.1057,1.9941,0.9969,8.7455,0.6597,0.1974,3.9629,2.0048,16.2888,0.5985,0.1169,0.3165,600,0.2477,4.8364,2.527,18.1171,200,2.0,72.1,38,False
2026-06-16 06:40:24,44,7,V,False,493,217,4.0,5.5,15.0,20.0,15,15,100|200|400|600|800|1000|1200|1400|1600|1800|2000|2500|3000|4000|4500,0.0344,4500,flat_terrain_default,1200,0.0,,0.011,3.9629,0.0,16.2888,0.5985,0.0247,3.9629,0.0,16.2888,0.5985,0.3625,0.3165,4500,0.0454,3.9629,0.0,16.2888,1200,1.0,0.6,30,True
2026-06-16 06:06:57,41,1,H,True,727,252,4.0,3.5,43.0,15.0,7,4,100|200|400|600,1.7208,600,elbow,400,0.0831,F100:0.0000  F200:0.0780  F400:0.0831  F600:0.0000,0.1092,1.5546,1.0392,6.2781,0.0621,0.1798,2.7893,1.5768,11.5915,0.0626,0.1847,1.4867,600,0.209,3.2755,1.6929,13.7034,400,1.0,79.7,40,False
2026-06-16 06:06:57,41,1,V,True,727,252,4.0,3.5,43.0,15.0,15,15,100|200|400|600|800|1000|1200|1400|1600|1800|2000|2500|3000|4000|4500,0.0298,4500,flat_terrain_default,1400,0.0,,0.0052,2.7893,0.0,11.5915,0.0626,0.0195,2.7893,0.0,11.5915,0.0626,0.3095,1.4867,4500,0.035,2.7893,0.0,11.5915,1400,1.0,0.5,30,True
2026-06-16 06:06:57,41,2,H,True,82,68,4.5,3.5,38.0,15.0,7,4,100|200|400|600,1.7044,600,elbow,200,0.0822,F100:0.0000  F200:0.0822  F400:0.0808  F600:0.0000,0.1035,1.6164,1.3857,6.5103,0.0628,0.1225,2.1554,1.5538,8.6712,0.0628,0.0984,0.961,600,0.1691,3.3208,1.8191,12.2515,200,1.0,61.6,40,False
2026-06-16 06:06:57,41,2,V,True,82,68,4.5,3.5,38.0,15.0,15,15,100|200|400|600|800|1000|1200|1400|1600|1800|2000|2500|3000|4000|4500,0.0,4500,flat_terrain_default,1400,0.0,,0.0,2.1554,0.0,8.6712,0.0628,0.0,2.1554,0.0,8.6712,0.0628,0.0,0.961,4500,0.0,2.1554,0.0,8.6712,1400,1.0,0.0,30,True
2026-06-16 06:06:57,41,3,H,True,3380,346,3.5,3.8,23.0,22.0,6,3,100|200|400,1.5178,400,elbow,200,0.065,F100:0.0000  F200:0.0650  F400:0.0000,0.1277,1.7257,1.1666,7.0168,0.1253,0.1642,2.3712,1.4562,9.5594,0.124,0.1807,0.86,400,0.2352,3.2435,1.6316,12.4114,200,1.0,62.4,35,False
2026-06-16 06:06:57,41,3,V,True,3380,346,3.5,3.8,23.0,22.0,15,15,100|200|400|600|800|1000|1200|1400|1600|1800|2000|2500|3000|4000|4500,0.0,4500,flat_terrain_default,1400,0.0,,0.0,2.3712,0.0,9.5594,0.124,0.0,2.3712,0.0,9.5594,0.124,0.0,0.86,4500,0.0,2.3712,0.0,9.5594,1400,1.0,0.0,30,True
2026-06-16 06:06:57,41,4,H,True,2992,341,3.5,3.8,20.0,22.0,6,3,100|200|400,1.615,400,elbow,200,0.0646,F100:0.0000  F200:0.0646  F400:0.0000,0.1364,1.8192,1.1483,7.5859,0.188,0.1741,2.5051,1.3744,9.9048,0.1855,0.1789,0.7246,400,0.2371,3.4342,1.7803,13.1912,200,1.0,65.9,35,False
2026-06-16 06:06:57,41,4,V,True,2992,341,3.5,3.8,20.0,22.0,15,15,100|200|400|600|800|1000|1200|1400|1600|1800|2000|2500|3000|4000|4500,0.0,4500,flat_terrain_default,1400,0.0,,0.0,2.5051,0.0,9.9048,0.1855,0.0,2.5051,0.0,9.9048,0.1855,0.0,0.7246,4500,0.0,2.5051,0.0,9.9048,1400,1.0,0.0,30,True
2026-06-16 06:06:57,41,5,H,True,8232,368,4.0,5.0,23.0,15.0,6,3,100|200|400,1.7151,400,elbow,200,0.0603,F100:0.0000  F200:0.0603  F400:0.0000,0.1564,1.8445,1.334,7.4157,0.3508,0.2075,2.5625,1.7224,10.0191,0.3443,0.2021,0.6749,400,0.2843,3.5596,2.2898,13.4372,200,1.0,51.2,35,False
2026-06-16 06:06:57,41,5,V,True,8232,368,4.0,5.0,23.0,15.0,15,15,100|200|400|600|800|1000|1200|1400|1600|1800|2000|2500|3000|4000|4500,0.0,4500,flat_terrain_default,1200,0.0,,0.0,2.5625,0.0,10.0191,0.3443,0.0,2.5625,0.0,10.0191,0.3443,0.0,0.6749,4500,0.0,2.5625,0.0,10.0191,1200,1.0,0.0,30,True
2026-06-16 06:06:57,41,6,H,True,6793,364,4.0,5.5,23.0,15.0,6,3,100|200|400,1.833,400,elbow,200,0.0589,F100:0.0000  F200:0.0589  F400:0.0000,0.2428,1.9107,2.1753,7.88,0.5953,0.3258,2.6743,3.0633,10.642,0.5761,0.345,0.5636,400,0.4448,3.7437,3.7877,14.837,200,1.0,48.6,34,False
2026-06-16 06:06:57,41,6,V,True,6793,364,4.0,5.5,23.0,15.0,15,15,100|200|400|600|800|1000|1200|1400|1600|1800|2000|2500|3000|4000|4500,0.0,4500,flat_terrain_default,1200,0.0,,0.0,2.6743,0.0,10.642,0.5761,0.0,2.6743,0.0,10.642,0.5761,0.0,0.5636,4500,0.0,2.6743,0.0,10.642,1200,1.0,0.0,30,True
2026-06-16 06:06:57,41,7,H,True,42,38,4.0,5.5,23.0,20.0,7,4,100|200|400|600,2.5739,600,elbow,400,0.0734,F100:0.0000  F200:0.0683  F400:0.0734  F600:0.0000,0.1618,1.9293,1.6689,8.4317,0.3498,0.2934,3.7409,2.7988,14.3075,0.3251,0.2818,0.7862,600,0.3711,4.5032,3.155,17.9764,200,2.0,68.0,39,False
2026-06-16 06:06:57,41,7,V,True,42,38,4.0,5.5,23.0,20.0,15,15,100|200|400|600|800|1000|1200|1400|1600|1800|2000|2500|3000|4000|4500,0.0,4500,flat_terrain_default,1200,0.0,,0.0,3.7409,0.0,14.3075,0.3251,0.0,3.7409,0.0,14.3075,0.3251,0.0,0.7862,4500,0.0,3.7409,0.0,14.3075,1200,1.0,0.0,30,True
2026-06-16 06:19:59,42,1,H,True,1809,318,4.0,3.5,43.0,15.0,6,3,100|200|400,1.5176,400,elbow,200,0.0656,F100:0.0000  F200:0.0656  F400:0.0000,0.1086,1.7743,1.4744,6.2025,0.0648,0.1328,2.421,1.5526,8.4285,0.0654,0.1177,0.7327,400,0.172,3.2919,1.7722,11.5486,400,0.5,69.2,35,False
2026-06-16 06:19:59,42,1,V,True,1809,318,4.0,3.5,43.0,15.0,15,15,100|200|400|600|800|1000|1200|1400|1600|1800|2000|2500|3000|4000|4500,0.0256,4500,flat_terrain_default,1400,0.0,,0.0045,2.421,0.0,8.4285,0.0654,0.0168,2.421,0.0,8.4285,0.0654,0.299,0.7327,4500,0.0301,2.421,0.0,8.4285,1400,1.0,0.4,30,True
2026-06-16 06:19:59,42,2,H,True,856,266,4.5,3.5,38.0,15.0,5,2,100|200,0.7254,200,highest_safe,200,0.0,,0.1338,1.8882,1.9372,6.4799,0.0874,0.1639,2.6137,2.0837,8.9853,0.0871,0.1011,0.5726,200,0.1639,2.6137,2.0837,8.9853,200,1.0,74.7,20,True
2026-06-16 06:19:59,42,2,V,True,856,266,4.5,3.5,38.0,15.0,15,15,100|200|400|600|800|1000|1200|1400|1600|1800|2000|2500|3000|4000|4500,0.0201,4500,flat_terrain_default,1400,0.0,,0.0212,2.6137,0.0,8.9853,0.0871,0.0286,2.6137,0.0,8.9853,0.0871,0.4661,0.5726,4500,0.0413,2.6137,0.0,8.9853,1400,1.0,0.6,30,True
2026-06-16 06:19:59,42,3,H,True,4163,352,3.5,3.8,23.0,22.0,6,3,100|200|400,1.7461,400,elbow,200,0.0661,F100:0.0000  F200:0.0661  F400:0.0000,0.093,1.9328,0.7971,7.9263,0.1355,0.1177,2.6781,0.9469,10.585,0.1322,0.0794,0.4746,400,0.1568,3.6789,1.2448,13.9439,200,1.0,70.5,35,False
2026-06-16 06:19:59,42,3,V,True,4163,352,3.5,3.8,23.0,22.0,15,15,100|200|400|600|800|1000|1200|1400|1600|1800|2000|2500|3000|4000|4500,0.0242,4500,flat_terrain_default,1400,0.0,,0.0042,2.6781,0.0,10.585,0.1322,0.0159,2.6781,0.0,10.585,0.1322,0.297,0.4746,4500,0.0284,2.6781,0.0,10.585,1400,1.0,0.5,30,True
2026-06-16 06:19:59,42,4,H,True,7221,365,3.5,3.8,20.0,22.0,6,3,100|200|400,1.7993,400,elbow,200,0.0636,F100:0.0000  F200:0.0636  F400:0.0000,0.1025,1.9358,0.8384,7.7947,0.1805,0.1339,2.6975,1.0011,10.1091,0.1784,0.0895,0.4582,400,0.1849,3.7351,1.3985,14.0562,200,1.0,71.0,35,False
2026-06-16 06:19:59,42,4,V,True,7221,365,3.5,3.8,20.0,22.0,15,15,100|200|400|600|800|1000|1200|1400|1600|1800|2000|2500|3000|4000|4500,0.0,4500,flat_terrain_default,1400,0.0,,0.0,2.6975,0.0,10.1091,0.1784,0.0,2.6975,0.0,10.1091,0.1784,0.0,0.4582,4500,0.0,2.6975,0.0,10.1091,1400,1.0,0.0,30,True
2026-06-16 06:19:59,42,5,H,True,10143,371,4.0,5.0,23.0,15.0,5,2,100|200,0.7978,200,highest_safe,200,0.0,,0.1201,1.9782,0.8963,7.8829,0.2619,0.158,2.776,1.1954,10.817,0.2595,0.0944,0.3071,200,0.158,2.776,1.1954,10.817,200,1.0,55.5,21,True
2026-06-16 06:19:59,42,5,V,True,10143,371,4.0,5.0,23.0,15.0,15,15,100|200|400|600|800|1000|1200|1400|1600|1800|2000|2500|3000|4000|4500,0.0,4500,flat_terrain_default,1200,0.0,,0.0,2.776,0.0,10.817,0.2595,0.0,2.776,0.0,10.817,0.2595,0.0,0.3071,4500,0.0,2.776,0.0,10.817,1200,1.0,0.0,30,True
2026-06-16 06:19:59,42,6,H,True,5950,361,4.0,5.5,23.0,15.0,6,3,100|200|400,1.9173,400,elbow,200,0.059,F100:0.0000  F200:0.0590  F400:0.0000,0.1363,1.9679,1.0124,8.0596,0.3392,0.1822,2.767,1.4009,10.6254,0.3344,0.1219,0.3554,400,0.2523,3.8852,1.92,13.9808,200,1.0,50.3,34,False
2026-06-16 06:19:59,42,6,V,True,5950,361,4.0,5.5,23.0,15.0,15,15,100|200|400|600|800|1000|1200|1400|1600|1800|2000|2500|3000|4000|4500,0.0,4500,flat_terrain_default,1200,0.0,,0.0,2.767,0.0,10.6254,0.3344,0.0,2.767,0.0,10.6254,0.3344,0.0,0.3554,4500,0.0,2.767,0.0,10.6254,1200,1.0,0.0,30,True
2026-06-16 06:19:59,42,7,H,True,33803,380,4.0,5.5,23.0,20.0,7,4,100|200|400|600,2.7835,600,elbow,400,0.0652,F100:0.0000  F200:0.0625  F400:0.0652  F600:0.0000,0.1305,1.9728,1.1821,8.7263,0.42,0.2582,3.8996,2.3624,15.7571,0.3973,0.152,0.4943,600,0.3206,4.7564,2.9173,18.2785,200,2.0,70.9,38,False
2026-06-16 06:19:59,42,7,V,True,33803,380,4.0,5.5,23.0,20.0,15,15,100|200|400|600|800|1000|1200|1400|1600|1800|2000|2500|3000|4000|4500,0.0,4500,flat_terrain_default,1200,0.0,,0.0,3.8996,0.0,15.7571,0.3973,0.0,3.8996,0.0,15.7571,0.3973,0.0,0.4943,4500,0.0,3.8996,0.0,15.7571,1200,1.0,0.0,30,True
2026-06-16 07:18:56,45,1,H,False,827,263,4.0,3.5,35.0,15.0,7,4,100|200|400|600,1.6355,600,elbow,400,0.0993,F100:0.0000  F200:0.0966  F400:0.0993  F600:0.0000,0.0766,1.7229,1.1601,6.395,0.0296,0.1099,2.9339,1.2111,11.255,0.0293,0.0858,1.2028,600,0.1256,3.3584,1.2578,12.7809,400,1.0,83.8,41,False
2026-06-16 07:18:56,45,1,V,False,827,263,4.0,3.5,35.0,15.0,15,15,100|200|400|600|800|1000|1200|1400|1600|1800|2000|2500|3000|4000|4500,0.0144,4500,flat_terrain_default,1400,0.0,,0.0196,2.9339,0.0,11.255,0.0293,0.0279,2.9339,0.0,11.255,0.0293,0.4522,1.2028,4500,0.034,2.9339,0.0,11.255,1400,1.0,0.7,30,True
2026-06-16 07:18:56,45,2,H,False,118,91,4.5,3.5,30.0,15.0,6,3,100|200|400,1.6049,400,elbow,200,0.0649,F100:0.0000  F200:0.0649  F400:0.0000,0.0977,1.8037,1.2148,7.0113,0.0732,0.1173,2.486,1.3033,9.6937,0.0727,0.0717,0.7354,400,0.1518,3.4086,1.7248,12.855,200,1.0,71.0,35,False
2026-06-16 07:18:56,45,2,V,False,118,91,4.5,3.5,30.0,15.0,15,15,100|200|400|600|800|1000|1200|1400|1600|1800|2000|2500|3000|4000|4500,0.0116,4500,flat_terrain_default,1400,0.0,,0.0584,2.486,0.0,9.6937,0.0727,0.0651,2.486,0.0,9.6937,0.0727,0.4774,0.7354,4500,0.07,2.486,0.0,9.6937,1400,1.0,1.4,30,True
2026-06-16 07:18:56,45,3,H,False,2469,333,3.5,3.8,15.0,22.0,6,3,100|200|400,1.5304,400,elbow,200,0.0688,F100:0.0000  F200:0.0688  F400:0.0000,0.072,1.8243,0.6582,8.2384,0.0668,0.0893,2.4834,0.7664,10.9603,0.0637,0.0521,0.6474,400,0.1177,3.3547,0.9212,14.0017,200,1.0,65.4,35,False
2026-06-16 07:18:56,45,3,V,False,2469,333,3.5,3.8,15.0,22.0,15,15,100|200|400|600|800|1000|1200|1400|1600|1800|2000|2500|3000|4000|4500,0.0,4500,flat_terrain_default,1400,0.0,,0.0,2.4834,0.0,10.9603,0.0637,0.0,2.4834,0.0,10.9603,0.0637,0.0,0.6474,4500,0.0,2.4834,0.0,10.9603,1400,1.0,0.0,30,True
2026-06-16 07:18:56,45,4,H,False,4294,353,3.5,3.8,12.0,22.0,6,3,100|200|400,1.6482,400,elbow,200,0.0668,F100:0.0000  F200:0.0668  F400:0.0000,0.0758,1.8617,0.6102,8.052,0.093,0.0981,2.5668,0.7879,10.7713,0.0918,0.0465,0.642,400,0.1323,3.5098,1.0264,13.7012,200,1.0,67.5,35,False
2026-06-16 07:18:56,45,4,V,False,4294,353,3.5,3.8,12.0,22.0,15,15,100|200|400|600|800|1000|1200|1400|1600|1800|2000|2500|3000|4000|4500,0.0,4500,flat_terrain_default,1400,0.0,,0.0,2.5668,0.0,10.7713,0.0918,0.0,2.5668,0.0,10.7713,0.0918,0.0,0.642,4500,0.0,2.5668,0.0,10.7713,1400,1.0,0.0,30,True
2026-06-16 07:18:56,45,5,H,False,10797,371,4.0,5.0,15.0,15.0,6,3,100|200|400,1.7508,400,elbow,200,0.0635,F100:0.0000  F200:0.0635  F400:0.0000,0.0826,1.9146,0.6343,7.7923,0.1317,0.1105,2.6555,0.8285,10.1965,0.132,0.052,0.5235,400,0.1507,3.6654,1.0658,14.2694,200,1.0,53.1,35,False
2026-06-16 07:18:56,45,5,V,False,10797,371,4.0,5.0,15.0,15.0,15,15,100|200|400|600|800|1000|1200|1400|1600|1800|2000|2500|3000|4000|4500,0.0,4500,flat_terrain_default,1200,0.0,,0.0,2.6555,0.0,10.1965,0.132,0.0,2.6555,0.0,10.1965,0.132,0.0,0.5235,4500,0.0,2.6555,0.0,10.1965,1200,1.0,0.0,30,True
2026-06-16 07:18:56,45,6,H,False,1739,315,4.0,5.5,15.0,15.0,6,3,100|200|400,1.8429,400,elbow,200,0.0616,F100:0.0000  F200:0.0616  F400:0.0000,0.0924,1.9697,0.7071,7.6721,0.1488,0.1222,2.7444,0.9598,10.4757,0.1487,0.056,0.3474,400,0.1695,3.8126,1.2557,13.8359,200,1.0,49.9,35,False
2026-06-16 07:18:56,45,6,V,False,1739,315,4.0,5.5,15.0,15.0,15,15,100|200|400|600|800|1000|1200|1400|1600|1800|2000|2500|3000|4000|4500,0.0,4500,flat_terrain_default,1200,0.0,,0.0,2.7444,0.0,10.4757,0.1487,0.0,2.7444,0.0,10.4757,0.1487,0.0,0.3474,4500,0.0,2.7444,0.0,10.4757,1200,1.0,0.0,30,True
2026-06-16 07:18:56,45,7,H,False,17272,376,4.0,5.5,15.0,20.0,7,4,100|200|400|600,2.786,600,elbow,400,0.066,F100:0.0000  F200:0.0627  F400:0.0660  F600:0.0000,0.0967,1.9861,0.7927,8.4444,0.3186,0.1823,3.9178,1.4723,15.5313,0.3075,0.0891,0.4833,600,0.2264,4.7721,1.7252,18.6022,200,2.0,71.2,38,False
2026-06-16 07:18:56,45,7,V,False,17272,376,4.0,5.5,15.0,20.0,15,15,100|200|400|600|800|1000|1200|1400|1600|1800|2000|2500|3000|4000|4500,0.0,4500,flat_terrain_default,1200,0.0,,0.0,3.9178,0.0,15.5313,0.3075,0.0,3.9178,0.0,15.5313,0.3075,0.0,0.4833,4500,0.0,3.9178,0.0,15.5313,1200,1.0,0.0,30,True
2026-06-16 07:24:20,46,1,H,False,684,247,4.0,3.5,35.0,15.0,12,9,100|200|400|600|800|1000|1200|1400|1600,1.3793,1600,elbow,600,0.1716,F100:0.0000  F200:0.0874  F400:0.1566  F600:0.1716  F800:0.1600  F1000:0.1322  F1200:0.0934  F1400:0.0492  F1600:0.0000,0.0374,1.0358,0.2822,4.8206,0.0155,0.0577,1.8302,0.4343,9.94,0.0155,0.0738,1.7555,1600,0.0781,2.4151,0.5929,13.9759,400,1.5,52.3,64,False
2026-06-16 07:24:20,46,1,V,False,684,247,4.0,3.5,35.0,15.0,15,15,100|200|400|600|800|1000|1200|1400|1600|1800|2000|2500|3000|4000|4500,-0.0002,4500,flat_terrain_default,1400,0.0,,1.1529,1.8302,0.0,9.94,0.0155,1.1521,1.8302,0.0,9.94,0.0155,18.0704,1.7555,4500,1.1527,1.8302,0.0,9.94,1400,1.0,28.8,30,True
2026-06-16 07:24:20,46,2,H,False,292,167,4.5,3.5,30.0,15.0,8,5,100|200|400|600|800,1.3511,800,elbow,400,0.1161,F100:0.0000  F200:0.0832  F400:0.1161  F600:0.0752  F800:0.0000,0.0429,1.187,0.3427,6.1824,0.0283,0.0666,1.9879,0.5385,10.9114,0.0288,0.067,1.5691,800,0.0848,2.538,0.6981,13.5365,200,2.0,56.8,46,False
2026-06-16 07:24:20,46,2,V,False,292,167,4.5,3.5,30.0,15.0,15,15,100|200|400|600|800|1000|1200|1400|1600|1800|2000|2500|3000|4000|4500,0.0887,4500,elbow,1600,0.111,F100:0.0000  F200:0.0259  F400:0.0584  F600:0.0788  F800:0.0924  F1000:0.1016  F1200:0.1072  F1400:0.1102  F1600:0.1110  F1800:0.1101  F2000:0.1076  F2500:0.0960  F3000:0.0782  F4000:0.0298  F4500:0.0000,0.0288,1.9879,0.0,10.9114,0.0288,0.073,1.9879,0.0,10.9114,0.0288,0.6641,1.5691,4500,0.1175,1.9879,0.0,10.9114,1400,1.143,1.6,42,False
2026-06-16 07:24:20,46,3,H,False,2638,336,3.5,3.8,15.0,22.0,15,12,100|200|400|600|800|1000|1200|1400|1600|1800|2000|2500,2.4369,2500,elbow,800,0.1616,F100:0.0000  F200:0.0623  F400:0.1250  F600:0.1523  F800:0.1616  F1000:0.1602  F1200:0.1508  F1400:0.1359  F1600:0.1171  F1800:0.0954  F2000:0.0711  F2500:0.0000,0.0415,1.0742,0.335,5.4583,0.0475,0.087,2.342,0.6332,12.8402,0.0471,0.1309,2.2805,2500,0.1425,3.5111,1.0425,21.58,200,4.0,61.6,66,False
2026-06-16 07:24:20,46,3,V,False,2638,336,3.5,3.8,15.0,22.0,15,15,100|200|400|600|800|1000|1200|1400|1600|1800|2000|2500|3000|4000|4500,0.0,4500,flat_terrain_default,1400,0.0,,0.0,2.342,0.0,12.8402,0.0471,0.0,2.342,0.0,12.8402,0.0471,0.0,2.2805,4500,0.0,2.342,0.0,12.8402,1400,1.0,0.0,30,True
2026-06-16 07:24:20,46,4,H,False,3156,343,3.5,3.8,12.0,22.0,15,13,100|200|400|600|800|1000|1200|1400|1600|1800|2000|2500|3000,2.0553,3000,elbow,1000,0.1734,F100:0.0000  F200:0.0654  F400:0.1295  F600:0.1589  F800:0.1712  F1000:0.1734  F1200:0.1692  F1400:0.1607  F1600:0.1485  F1800:0.1333  F2000:0.1150  F2500:0.0619  F3000:0.0000,0.043,0.9577,0.2788,5.1303,0.044,0.0815,2.0997,0.6071,13.4973,0.0424,0.1295,2.3722,3000,0.1368,3.013,1.0917,21.5125,200,5.0,55.3,67,False
2026-06-16 07:24:20,46,4,V,False,3156,343,3.5,3.8,12.0,22.0,15,15,100|200|400|600|800|1000|1200|1400|1600|1800|2000|2500|3000|4000|4500,0.0,4500,flat_terrain_default,1400,0.0,,0.0,2.0997,0.0,13.4973,0.0424,0.0,2.0997,0.0,13.4973,0.0424,0.0,2.3722,4500,0.0,2.0997,0.0,13.4973,1400,1.0,0.0,30,True
2026-06-16 07:24:20,46,5,H,False,11383,372,4.0,5.0,15.0,15.0,9,6,100|200|400|600|800|1000,1.0376,1000,elbow,400,0.1083,F100:0.0000  F200:0.0705  F400:0.1083  F600:0.0934  F800:0.0548  F1000:0.0000,0.0423,0.7616,0.4099,5.5239,0.0428,0.0684,1.2663,0.6732,9.1248,0.0427,0.1082,1.6012,1000,0.103,1.7992,0.9234,13.9645,200,2.0,25.3,48,False
2026-06-16 07:24:20,46,5,V,False,11383,372,4.0,5.0,15.0,15.0,15,15,100|200|400|600|800|1000|1200|1400|1600|1800|2000|2500|3000|4000|4500,0.0,4500,flat_terrain_default,1200,0.0,,0.0,1.2663,0.0,9.1248,0.0427,0.0,1.2663,0.0,9.1248,0.0427,0.0,1.6012,4500,0.0,1.2663,0.0,9.1248,1200,1.0,0.0,30,True
2026-06-16 07:24:20,46,6,H,False,5365,359,4.0,5.5,15.0,15.0,8,5,100|200|400|600|800,0.9463,800,elbow,400,0.0964,F100:0.0000  F200:0.0724  F400:0.0964  F600:0.0627  F800:0.0000,0.0555,0.7626,0.5697,5.922,0.063,0.0914,1.2972,1.0052,10.5259,0.0618,0.1345,1.6384,800,0.122,1.7089,1.2688,14.8781,200,2.0,23.6,42,False
2026-06-16 07:24:20,46,6,V,False,5365,359,4.0,5.5,15.0,15.0,15,15,100|200|400|600|800|1000|1200|1400|1600|1800|2000|2500|3000|4000|4500,0.0,4500,flat_terrain_default,1200,0.0,,0.0,1.2972,0.0,10.5259,0.0618,0.0,1.2972,0.0,10.5259,0.0618,0.0,1.6384,4500,0.0,1.2972,0.0,10.5259,1200,1.0,0.0,30,True
2026-06-16 07:24:20,46,7,H,False,43121,381,4.0,5.5,15.0,20.0,15,15,100|200|400|600|800|1000|1200|1400|1600|1800|2000|2500|3000|4000|4500,1.8481,4500,elbow,1400,0.1674,F100:0.0000  F200:0.0583  F400:0.1130  F600:0.1412  F800:0.1554  F1000:0.1634  F1200:0.1669  F1400:0.1674  F1600:0.1655  F1800:0.1615  F2000:0.1556  F2500:0.1348  F3000:0.1075  F4000:0.0394  F4500:0.0000,0.0616,0.8183,0.5949,5.3941,0.0574,0.1373,1.8018,0.988,9.9394,0.0473,0.2244,2.5359,4500,0.2183,2.6665,1.0319,9.9394,200,7.0,32.8,66,False
2026-06-16 07:24:20,46,7,V,False,43121,381,4.0,5.5,15.0,20.0,15,15,100|200|400|600|800|1000|1200|1400|1600|1800|2000|2500|3000|4000|4500,0.0,4500,flat_terrain_default,1200,0.0,,0.0,1.8018,0.0,9.9394,0.0473,0.0,1.8018,0.0,9.9394,0.0473,0.0,2.5359,4500,0.0,1.8018,0.0,9.9394,1200,1.0,0.0,30,True
2026-06-16 08:10:14,47,1,H,True,1156,289,4.0,3.5,43.0,15.0,7,4,100|200|400|600,1.6502,600,elbow,400,0.0839,F100:0.0000  F200:0.0816  F400:0.0839  F600:0.0000,0.0964,1.5748,1.4487,5.7914,0.0506,0.1443,2.7606,1.824,10.8149,0.0514,0.1202,1.4338,600,0.1678,3.225,1.9572,12.5582,400,1.0,78.9,40,False
2026-06-16 08:10:14,47,1,V,True,1156,289,4.0,3.5,43.0,15.0,15,15,100|200|400|600|800|1000|1200|1400|1600|1800|2000|2500|3000|4000|4500,0.0233,4500,flat_terrain_default,1400,0.0,,0.0102,2.7606,0.0,10.8149,0.0514,0.0201,2.7606,0.0,10.8149,0.0514,0.341,1.4338,4500,0.0335,2.7606,0.0,10.8149,1400,1.0,0.5,30,True
2026-06-16 08:10:14,47,2,H,True,186,126,4.5,3.5,38.0,15.0,6,3,100|200|400,1.6275,400,elbow,200,0.0615,F100:0.0000  F200:0.0615  F400:0.0000,0.1471,1.8094,1.8403,6.0889,0.0872,0.1862,2.4935,1.9853,9.511,0.0881,0.1543,0.696,400,0.2372,3.437,2.5728,12.1259,200,1.0,71.2,35,False
2026-06-16 08:10:14,47,2,V,True,186,126,4.5,3.5,38.0,15.0,15,15,100|200|400|600|800|1000|1200|1400|1600|1800|2000|2500|3000|4000|4500,0.0,4500,flat_terrain_default,1400,0.0,,0.0,2.4935,0.0,9.511,0.0881,0.0,2.4935,0.0,9.511,0.0881,0.0,0.696,4500,0.0,2.4935,0.0,9.511,1400,1.0,0.0,30,True
2026-06-16 08:10:14,47,3,H,True,3652,348,3.5,3.8,23.0,22.0,6,3,100|200|400,1.5202,400,elbow,200,0.0643,F100:0.0000  F200:0.0643  F400:0.0000,0.0969,1.7822,1.0004,6.6767,0.0963,0.1232,2.4272,1.212,8.9751,0.0957,0.1273,0.7328,400,0.1604,3.3024,1.5091,11.712,200,1.0,63.9,35,False
2026-06-16 08:10:14,47,3,V,True,3652,348,3.5,3.8,23.0,22.0,15,15,100|200|400|600|800|1000|1200|1400|1600|1800|2000|2500|3000|4000|4500,0.0471,4500,flat_terrain_default,1400,0.0,,0.0083,2.4272,0.0,8.9751,0.0957,0.0309,2.4272,0.0,8.9751,0.0957,0.4064,0.7328,4500,0.0554,2.4272,0.0,8.9751,1400,1.0,0.9,30,True
2026-06-16 08:10:14,47,4,H,True,4773,356,3.5,3.8,20.0,22.0,6,3,100|200|400,1.6694,400,elbow,200,0.0642,F100:0.0000  F200:0.0642  F400:0.0000,0.1085,1.8421,1.0862,7.3026,0.1658,0.1421,2.5501,1.3158,9.7333,0.1637,0.125,0.6473,400,0.1935,3.5114,1.7604,13.2183,200,1.0,67.1,35,False
2026-06-16 08:10:14,47,4,V,True,4773,356,3.5,3.8,20.0,22.0,15,15,100|200|400|600|800|1000|1200|1400|1600|1800|2000|2500|3000|4000|4500,0.0,4500,flat_terrain_default,1400,0.0,,0.0,2.5501,0.0,9.7333,0.1637,0.0,2.5501,0.0,9.7333,0.1637,0.0,0.6473,4500,0.0,2.5501,0.0,9.7333,1400,1.0,0.0,30,True
2026-06-16 08:10:14,47,5,H,True,6368,363,4.0,5.0,23.0,15.0,6,3,100|200|400,1.8826,400,elbow,200,0.0598,F100:0.0000  F200:0.0598  F400:0.0000,0.1539,1.9531,1.379,7.4263,0.2772,0.2002,2.7399,1.6512,10.6871,0.2733,0.1811,0.3895,400,0.2743,3.8357,2.4607,14.1305,200,1.0,54.8,34,False
2026-06-16 08:10:14,47,5,V,True,6368,363,4.0,5.0,23.0,15.0,15,15,100|200|400|600|800|1000|1200|1400|1600|1800|2000|2500|3000|4000|4500,-0.0013,4500,flat_terrain_default,1200,0.0,,0.4708,2.7399,0.0,10.6871,0.2733,0.4705,2.7399,0.0,10.6871,0.2733,8.9519,0.3895,4500,0.4695,2.7399,0.0,10.6871,1200,1.0,11.8,30,True
2026-06-16 08:10:14,47,6,H,True,9492,370,4.0,5.5,23.0,15.0,6,3,100|200|400,1.9455,400,elbow,200,0.0585,F100:0.0000  F200:0.0585  F400:0.0000,0.1868,1.9825,1.7307,7.384,0.4068,0.2496,2.7918,2.2725,9.9384,0.3993,0.2089,0.2684,400,0.3522,3.928,3.1556,13.516,200,1.0,50.8,34,False
2026-06-16 08:10:14,47,6,V,True,9492,370,4.0,5.5,23.0,15.0,15,15,100|200|400|600|800|1000|1200|1400|1600|1800|2000|2500|3000|4000|4500,0.0235,4500,flat_terrain_default,1200,0.0,,0.0075,2.7918,0.0,9.9384,0.3993,0.0191,2.7918,0.0,9.9384,0.3993,0.2721,0.2684,4500,0.0309,2.7918,0.0,9.9384,1200,1.0,0.5,30,True
2026-06-16 08:10:14,47,7,H,True,27702,379,4.0,5.5,23.0,20.0,7,4,100|200|400|600,2.8447,600,elbow,400,0.0652,F100:0.0000  F200:0.0626  F400:0.0652  F600:0.0000,0.1864,1.9976,1.9335,7.7004,0.5949,0.3566,3.9666,3.3975,14.2559,0.5616,0.2734,0.3145,600,0.4431,4.8423,4.3318,17.0608,200,2.0,72.1,38,False
2026-06-16 08:10:14,47,7,V,True,27702,379,4.0,5.5,23.0,20.0,15,15,100|200|400|600|800|1000|1200|1400|1600|1800|2000|2500|3000|4000|4500,0.0,4500,flat_terrain_default,1200,0.0,,0.0,3.9666,0.0,14.2559,0.5616,0.0,3.9666,0.0,14.2559,0.5616,0.0,0.3145,4500,0.0,3.9666,0.0,14.2559,1200,1.0,0.0,30,True
2026-06-16 08:20:30,48,1,H,False,3467,346,4.0,3.5,35.0,15.0,9,6,100|200|400|600|800|1000,1.6455,1000,elbow,400,0.1344,F100:0.0000  F200:0.0858  F400:0.1344  F600:0.1169  F800:0.0679  F1000:0.0000,0.118,1.2594,1.198,5.9159,0.0202,0.1671,2.1207,1.5379,10.1334,0.0208,0.1774,1.5724,1000,0.2216,2.9049,1.8096,13.9502,400,1.0,60.6,51,False
2026-06-16 08:20:30,48,1,V,False,3467,346,4.0,3.5,35.0,15.0,15,15,100|200|400|600|800|1000|1200|1400|1600|1800|2000|2500|3000|4000|4500,0.02,4500,flat_terrain_default,1400,0.0,,0.0088,2.1207,0.0,10.1334,0.0208,0.0174,2.1207,0.0,10.1334,0.0208,0.3223,1.5724,4500,0.0289,2.1207,0.0,10.1334,1400,1.0,0.4,30,True
2026-06-16 08:20:30,48,2,H,False,1548,308,4.5,3.5,30.0,15.0,7,4,100|200|400|600,1.8091,600,elbow,400,0.0825,F100:0.0000  F200:0.0777  F400:0.0825  F600:0.0000,0.1565,1.6076,1.6398,6.7207,0.0449,0.2399,2.904,2.546,11.9461,0.0451,0.2074,1.3986,600,0.2748,3.4167,2.744,14.2126,200,2.0,83.0,40,False
2026-06-16 08:20:30,48,2,V,False,1548,308,4.5,3.5,30.0,15.0,15,15,100|200|400|600|800|1000|1200|1400|1600|1800|2000|2500|3000|4000|4500,0.0284,4500,flat_terrain_default,1400,0.0,,0.0154,2.904,0.0,11.9461,0.0451,0.0303,2.904,0.0,11.9461,0.0451,0.3779,1.3986,4500,0.0439,2.904,0.0,11.9461,1400,1.0,0.7,30,True
2026-06-16 08:20:30,48,3,H,False,14085,374,3.5,3.8,15.0,22.0,9,6,100|200|400|600|800|1000,2.2147,1000,elbow,400,0.1145,F100:0.0000  F200:0.0713  F400:0.1145  F600:0.1021  F800:0.0596  F1000:0.0000,0.0808,1.3913,0.817,6.6865,0.0436,0.1245,2.4881,1.0814,11.2775,0.043,0.121,1.6067,1000,0.1699,3.606,1.364,16.8137,200,2.0,65.5,49,False
2026-06-16 08:20:30,48,3,V,False,14085,374,3.5,3.8,15.0,22.0,15,15,100|200|400|600|800|1000|1200|1400|1600|1800|2000|2500|3000|4000|4500,0.0,4500,flat_terrain_default,1400,0.0,,0.0,2.4881,0.0,11.2775,0.043,0.0,2.4881,0.0,11.2775,0.043,0.0,1.6067,4500,0.0,2.4881,0.0,11.2775,1400,1.0,0.0,30,True
2026-06-16 08:20:30,48,4,H,False,16529,376,3.5,3.8,12.0,22.0,8,5,100|200|400|600|800,2.0311,800,elbow,400,0.099,F100:0.0000  F200:0.0728  F400:0.0990  F600:0.0645  F800:0.0000,0.0611,1.4407,0.589,7.2365,0.0611,0.0967,2.5956,0.8696,12.2858,0.0608,0.0811,1.6048,800,0.1271,3.4719,1.0971,16.1582,200,2.0,68.3,44,False
2026-06-16 08:20:30,48,4,V,False,16529,376,3.5,3.8,12.0,22.0,15,15,100|200|400|600|800|1000|1200|1400|1600|1800|2000|2500|3000|4000|4500,0.0,4500,flat_terrain_default,1400,0.0,,0.0,2.5956,0.0,12.2858,0.0608,0.0,2.5956,0.0,12.2858,0.0608,0.0,1.6048,4500,0.0,2.5956,0.0,12.2858,1400,1.0,0.0,30,True
2026-06-16 08:20:30,48,5,H,False,43661,381,4.0,5.0,15.0,15.0,6,3,100|200|400,1.2372,400,elbow,200,0.0632,F100:0.0000  F200:0.0632  F400:0.0000,0.0588,1.4648,0.5155,7.5408,0.0845,0.075,1.9878,0.6652,10.0345,0.0837,0.0544,1.0982,400,0.0992,2.702,0.8715,13.5518,200,1.0,39.8,35,False
2026-06-16 08:20:30,48,5,V,False,43661,381,4.0,5.0,15.0,15.0,15,15,100|200|400|600|800|1000|1200|1400|1600|1800|2000|2500|3000|4000|4500,0.0,4500,flat_terrain_default,1200,0.0,,0.0,1.9878,0.0,10.0345,0.0837,0.0,1.9878,0.0,10.0345,0.0837,0.0,1.0982,4500,0.0,1.9878,0.0,10.0345,1200,1.0,0.0,30,True
2026-06-16 08:20:30,48,6,H,False,13432,374,4.0,5.5,15.0,15.0,6,3,100|200|400,1.3288,400,elbow,200,0.0606,F100:0.0000  F200:0.0606  F400:0.0000,0.0728,1.5134,0.6043,7.3609,0.117,0.0943,2.0702,0.7661,10.1812,0.1162,0.0722,1.0928,400,0.1256,2.8421,0.9713,14.3116,200,1.0,37.6,35,False
2026-06-16 08:20:30,48,6,V,False,13432,374,4.0,5.5,15.0,15.0,15,15,100|200|400|600|800|1000|1200|1400|1600|1800|2000|2500|3000|4000|4500,0.0,4500,flat_terrain_default,1200,0.0,,0.0,2.0702,0.0,10.1812,0.1162,0.0,2.0702,0.0,10.1812,0.1162,0.0,1.0928,4500,0.0,2.0702,0.0,10.1812,1200,1.0,0.0,30,True
2026-06-16 08:20:30,48,7,H,False,97080,383,4.0,5.5,15.0,20.0,7,4,100|200|400|600,1.7566,600,elbow,400,0.0707,F100:0.0000  F200:0.0693  F400:0.0707  F600:0.0000,0.0935,1.5653,1.0139,8.8846,0.1852,0.1486,2.7948,1.4949,16.3572,0.1762,0.1155,1.479,600,0.1745,3.3219,1.7223,19.4811,200,2.0,50.8,39,False
2026-06-16 08:20:30,48,7,V,False,97080,383,4.0,5.5,15.0,20.0,15,15,100|200|400|600|800|1000|1200|1400|1600|1800|2000|2500|3000|4000|4500,0.0,4500,flat_terrain_default,1200,0.0,,0.0,2.7948,0.0,16.3572,0.1762,0.0,2.7948,0.0,16.3572,0.1762,0.0,1.479,4500,0.0,2.7948,0.0,16.3572,1200,1.0,0.0,30,True
2026-06-16 08:34:52,49,1,H,True,938,273,4.0,3.5,43.0,15.0,8,5,100|200|400|600|800,1.6825,800,elbow,400,0.1254,F100:0.0000  F200:0.0922  F400:0.1254  F600:0.0806  F800:0.0000,0.0728,1.4862,1.0466,6.5691,0.0402,0.1058,2.5057,1.0571,11.2756,0.0402,0.1038,1.4325,800,0.1291,3.1687,1.2067,14.6639,400,1.0,71.6,47,False
2026-06-16 08:34:52,49,1,V,True,938,273,4.0,3.5,43.0,15.0,15,15,100|200|400|600|800|1000|1200|1400|1600|1800|2000|2500|3000|4000|4500,0.0281,4500,flat_terrain_default,1400,0.0,,0.0049,2.5057,0.0,11.2756,0.0402,0.0184,2.5057,0.0,11.2756,0.0402,0.3033,1.4325,4500,0.033,2.5057,0.0,11.2756,1400,1.0,0.5,30,True
2026-06-16 08:34:52,49,2,H,True,67,58,4.5,3.5,38.0,15.0,6,3,100|200|400,1.6004,400,elbow,200,0.0696,F100:0.0000  F200:0.0696  F400:0.0000,0.1178,1.805,1.4441,6.6606,0.0674,0.1421,2.496,1.6639,9.4144,0.0673,0.1426,0.6427,400,0.1845,3.4054,1.785,12.4815,200,1.0,71.3,35,False
2026-06-16 08:34:52,49,2,V,True,67,58,4.5,3.5,38.0,15.0,15,15,100|200|400|600|800|1000|1200|1400|1600|1800|2000|2500|3000|4000|4500,0.0,4500,flat_terrain_default,1400,0.0,,0.0,2.496,0.0,9.4144,0.0673,0.0,2.496,0.0,9.4144,0.0673,0.0,0.6427,4500,0.0,2.496,0.0,9.4144,1400,1.0,0.0,30,True
2026-06-16 08:34:52,49,3,H,True,1824,318,3.5,3.8,23.0,22.0,8,5,100|200|400|600|800,2.0938,800,elbow,400,0.1053,F100:0.0000  F200:0.0761  F400:0.1053  F600:0.0690  F800:0.0000,0.0671,1.5801,0.4995,6.6106,0.0779,0.1045,2.7894,0.7713,11.8727,0.0767,0.1005,1.4095,800,0.1386,3.6739,0.9913,16.3066,200,2.0,73.4,45,False
2026-06-16 08:34:52,49,3,V,True,1824,318,3.5,3.8,23.0,22.0,15,15,100|200|400|600|800|1000|1200|1400|1600|1800|2000|2500|3000|4000|4500,0.0,4500,flat_terrain_default,1400,0.0,,0.0,2.7894,0.0,11.8727,0.0767,0.0,2.7894,0.0,11.8727,0.0767,0.0,1.4095,4500,0.0,2.7894,0.0,11.8727,1400,1.0,0.0,30,True
2026-06-16 08:34:52,49,4,H,True,1827,318,3.5,3.8,20.0,22.0,7,4,100|200|400|600,2.0483,600,elbow,400,0.0716,F100:0.0000  F200:0.0701  F400:0.0716  F600:0.0000,0.0823,1.7045,0.5605,7.3505,0.1388,0.1409,3.1407,1.0049,13.17,0.1373,0.1168,1.3237,600,0.1687,3.7527,1.2515,15.9941,200,2.0,82.7,39,False
2026-06-16 08:34:52,49,4,V,True,1827,318,3.5,3.8,20.0,22.0,15,15,100|200|400|600|800|1000|1200|1400|1600|1800|2000|2500|3000|4000|4500,0.0256,4500,flat_terrain_default,1400,0.0,,0.0045,3.1407,0.0,13.17,0.1373,0.0168,3.1407,0.0,13.17,0.1373,0.2983,1.3237,4500,0.03,3.1407,0.0,13.17,1400,1.0,0.5,30,True
2026-06-16 08:34:52,49,5,H,True,3972,351,4.0,5.0,23.0,15.0,6,3,100|200|400,1.4401,400,elbow,200,0.0631,F100:0.0000  F200:0.0631  F400:0.0000,0.078,1.6967,0.5959,7.5548,0.1963,0.102,2.3054,0.7265,10.0663,0.1935,0.1067,0.8692,400,0.1408,3.1368,1.0108,13.507,200,1.0,46.1,35,False
2026-06-16 08:34:52,49,5,V,True,3972,351,4.0,5.0,23.0,15.0,15,15,100|200|400|600|800|1000|1200|1400|1600|1800|2000|2500|3000|4000|4500,0.0,4500,flat_terrain_default,1200,0.0,,0.0,2.3054,0.0,10.0663,0.1935,0.0,2.3054,0.0,10.0663,0.1935,0.0,0.8692,4500,0.0,2.3054,0.0,10.0663,1200,1.0,0.0,30,True
2026-06-16 08:34:52,49,6,H,True,3721,349,4.0,5.5,23.0,15.0,6,3,100|200|400,1.5993,400,elbow,200,0.0626,F100:0.0000  F200:0.0626  F400:0.0000,0.0912,1.7901,0.7105,8.4318,0.3488,0.1233,2.4648,1.0089,11.0906,0.3399,0.1124,0.738,400,0.1705,3.3894,1.4762,14.6608,200,1.0,44.8,35,False
2026-06-16 08:34:52,49,6,V,True,3721,349,4.0,5.5,23.0,15.0,15,15,100|200|400|600|800|1000|1200|1400|1600|1800|2000|2500|3000|4000|4500,0.0,4500,flat_terrain_default,1200,0.0,,0.0,2.4648,0.0,11.0906,0.3399,0.0,2.4648,0.0,11.0906,0.3399,0.0,0.738,4500,0.0,2.4648,0.0,11.0906,1200,1.0,0.0,30,True
2026-06-16 08:34:52,49,7,H,True,914,271,4.0,5.5,23.0,20.0,7,4,100|200|400|600,2.4571,600,elbow,400,0.0674,F100:0.0000  F200:0.0655  F400:0.0674  F600:0.0000,0.1226,1.8596,1.1807,8.1234,0.5456,0.2391,3.5682,2.3745,14.5275,0.5113,0.1808,1.0213,600,0.3011,4.3167,3.1735,17.8268,200,2.0,64.9,38,False
2026-06-16 08:34:52,49,7,V,True,914,271,4.0,5.5,23.0,20.0,15,15,100|200|400|600|800|1000|1200|1400|1600|1800|2000|2500|3000|4000|4500,0.0,4500,flat_terrain_default,1200,0.0,,0.0,3.5682,0.0,14.5275,0.5113,0.0,3.5682,0.0,14.5275,0.5113,0.0,1.0213,4500,0.0,3.5682,0.0,14.5275,1200,1.0,0.0,30,True
2026-06-16 09:16:52,50,1,H,True,319,175,4.0,3.5,43.0,15.0,6,3,100|200|400,1.6133,400,elbow,200,0.068,F100:0.0000  F200:0.0680  F400:0.0000,0.0987,1.8437,1.267,6.1503,0.0752,0.1216,2.5367,1.3449,8.2586,0.0758,0.0755,0.5924,400,0.1603,3.457,1.7208,11.6283,400,0.5,72.5,35,False
2026-06-16 09:16:52,50,1,V,True,319,175,4.0,3.5,43.0,15.0,15,15,100|200|400|600|800|1000|1200|1400|1600|1800|2000|2500|3000|4000|4500,0.0418,4500,flat_terrain_default,1400,0.0,,0.5212,2.5367,0.0,8.2586,0.0758,0.5412,2.5367,0.0,8.2586,0.0758,6.7609,0.5924,4500,0.563,2.5367,0.0,8.2586,1400,1.0,13.5,30,True
2026-06-16 09:16:52,50,2,H,True,12,12,4.5,3.5,38.0,15.0,5,2,100|200,0.7873,200,highest_safe,200,0.0,,0.0985,2.0121,0.6133,7.9026,0.1374,0.1232,2.7994,0.669,10.3063,0.137,0.0472,0.15,200,0.1232,2.7994,0.669,10.3063,200,1.0,80.0,21,True
2026-06-16 09:16:52,50,2,V,True,12,12,4.5,3.5,38.0,15.0,15,15,100|200|400|600|800|1000|1200|1400|1600|1800|2000|2500|3000|4000|4500,0.0,4500,flat_terrain_default,1400,0.0,,0.0,2.7994,0.0,10.3063,0.137,0.0,2.7994,0.0,10.3063,0.137,0.0,0.15,4500,0.0,2.7994,0.0,10.3063,1400,1.0,0.0,30,True
2026-06-16 09:16:52,50,3,H,True,438,205,3.5,3.8,23.0,22.0,6,3,100|200|400,1.8436,400,elbow,200,0.0607,F100:0.0000  F200:0.0607  F400:0.0000,0.16,1.9293,0.7207,6.4287,0.1578,0.1333,2.702,0.9347,8.8928,0.1583,0.0959,0.4517,400,0.1796,3.7728,1.1634,12.564,200,1.0,71.1,35,False
2026-06-16 09:16:52,50,3,V,True,438,205,3.5,3.8,23.0,22.0,15,15,100|200|400|600|800|1000|1200|1400|1600|1800|2000|2500|3000|4000|4500,0.0022,4500,flat_terrain_default,1400,0.0,,0.545,2.702,0.0,8.8928,0.1583,0.5457,2.702,0.0,8.8928,0.1583,7.7941,0.4517,4500,0.5471,2.702,0.0,8.8928,1400,1.0,15.6,30,True
2026-06-16 09:16:52,50,4,H,True,804,261,3.5,3.8,20.0,22.0,5,2,100|200,0.809,200,highest_safe,200,0.0,,0.1069,1.9895,0.762,6.6842,0.2162,0.142,2.7985,1.0319,9.2311,0.2133,0.064,0.2656,200,0.142,2.7985,1.0319,9.2311,200,1.0,73.6,22,True
2026-06-16 09:16:52,50,4,V,True,804,261,3.5,3.8,20.0,22.0,15,15,100|200|400|600|800|1000|1200|1400|1600|1800|2000|2500|3000|4000|4500,-0.0047,4500,flat_terrain_default,1400,0.0,,0.5015,2.7985,0.0,9.2311,0.2133,0.5014,2.7985,0.0,9.2311,0.2133,8.0854,0.2656,4500,0.4968,2.7985,0.0,9.2311,1400,1.0,14.3,30,True
2026-06-16 09:16:52,50,5,H,True,1971,322,4.0,5.0,23.0,15.0,6,3,100|200|400,1.9275,400,elbow,200,0.0597,F100:0.0000  F200:0.0597  F400:0.0000,0.1057,1.9857,0.8187,7.1605,0.28,0.1408,2.7908,1.055,9.9735,0.2757,0.0552,0.2747,400,0.194,3.9131,1.4684,13.6898,200,1.0,55.8,34,False
2026-06-16 09:16:52,50,5,V,True,1971,322,4.0,5.0,23.0,15.0,15,15,100|200|400|600|800|1000|1200|1400|1600|1800|2000|2500|3000|4000|4500,0.0,4500,flat_terrain_default,1200,0.0,,0.0,2.7908,0.0,9.9735,0.2757,0.0,2.7908,0.0,9.9735,0.2757,0.0,0.2747,4500,0.0,2.7908,0.0,9.9735,1200,1.0,0.0,30,True
2026-06-16 09:16:52,50,6,H,True,806,261,4.0,5.5,23.0,15.0,6,3,100|200|400,1.9801,400,elbow,200,0.0587,F100:0.0000  F200:0.0587  F400:0.0000,0.1034,2.0036,0.6961,7.2618,0.3486,0.138,2.828,1.0152,9.8825,0.342,0.051,0.1459,400,0.199,3.9837,1.565,14.2512,200,1.0,51.4,34,False
2026-06-16 09:16:52,50,6,V,True,806,261,4.0,5.5,23.0,15.0,15,15,100|200|400|600|800|1000|1200|1400|1600|1800|2000|2500|3000|4000|4500,0.0,4500,flat_terrain_default,1200,0.0,,0.0,2.828,0.0,9.8825,0.342,0.0,2.828,0.0,9.8825,0.342,0.0,0.1459,4500,0.0,2.828,0.0,9.8825,1200,1.0,0.0,30,True
2026-06-16 09:16:52,50,7,H,True,4522,355,4.0,5.5,23.0,20.0,7,4,100|200|400|600,2.8457,600,elbow,400,0.0655,F100:0.0000  F200:0.0626  F400:0.0655  F600:0.0000,0.1669,1.9947,1.1826,8.8774,0.4321,0.3142,3.9656,2.2332,16.1903,0.3968,1.2019,0.3031,600,0.3677,4.8404,2.928,18.7726,200,2.0,72.1,38,False
2026-06-16 09:16:52,50,7,V,True,4522,355,4.0,5.5,23.0,20.0,15,15,100|200|400|600|800|1000|1200|1400|1600|1800|2000|2500|3000|4000|4500,0.0,4500,flat_terrain_default,1200,0.0,,0.0,3.9656,0.0,16.1903,0.3968,0.0,3.9656,0.0,16.1903,0.3968,0.0,0.3031,4500,0.0,3.9656,0.0,16.1903,1200,1.0,0.0,30,True
2026-06-16 09:36:30,51,1,H,True,1108,286,4.0,3.5,43.0,15.0,6,3,100|200|400,1.3286,400,elbow,200,0.0802,F100:0.0000  F200:0.0802  F400:0.0000,0.0939,1.7424,1.5769,6.2554,0.0463,0.1097,2.336,1.6133,8.8587,0.0463,0.1003,0.7347,400,0.1331,3.071,1.9138,12.1239,400,0.5,66.7,37,False
2026-06-16 09:36:30,51,1,V,True,1108,286,4.0,3.5,43.0,15.0,15,15,100|200|400|600|800|1000|1200|1400|1600|1800|2000|2500|3000|4000|4500,0.0026,4500,flat_terrain_default,1400,0.0,,0.0168,2.336,0.0,8.8587,0.0463,0.0194,2.336,0.0,8.8587,0.0463,0.3277,0.7347,4500,0.0194,2.336,0.0,8.8587,1400,1.0,0.5,30,True
2026-06-16 09:36:30,51,2,H,True,421,202,4.5,3.5,38.0,15.0,6,3,100|200|400,1.6245,400,elbow,200,0.0698,F100:0.0000  F200:0.0698  F400:0.0000,0.1043,1.8669,1.5698,6.9614,0.0876,0.1311,2.5689,1.6879,9.3199,0.0873,0.0961,0.5319,400,0.1673,3.4914,2.1116,12.993,200,1.0,73.4,35,False
2026-06-16 09:36:30,51,2,V,True,421,202,4.5,3.5,38.0,15.0,15,15,100|200|400|600|800|1000|1200|1400|1600|1800|2000|2500|3000|4000|4500,0.0,4500,flat_terrain_default,1400,0.0,,0.0,2.5689,0.0,9.3199,0.0873,0.0,2.5689,0.0,9.3199,0.0873,0.0,0.5319,4500,0.0,2.5689,0.0,9.3199,1400,1.0,0.0,30,True
2026-06-16 09:36:30,51,3,H,True,2844,339,3.5,3.8,23.0,22.0,6,3,100|200|400,1.6474,400,elbow,200,0.0653,F100:0.0000  F200:0.0653  F400:0.0000,0.0883,1.8452,0.6968,7.094,0.1193,0.1117,2.5465,0.9164,9.6331,0.1178,0.0888,0.6624,400,0.149,3.4926,1.1443,12.7317,200,1.0,67.0,35,False
2026-06-16 09:36:30,51,3,V,True,2844,339,3.5,3.8,23.0,22.0,15,15,100|200|400|600|800|1000|1200|1400|1600|1800|2000|2500|3000|4000|4500,0.0248,4500,flat_terrain_default,1400,0.0,,0.6189,2.5465,0.0,9.6331,0.1178,0.6305,2.5465,0.0,9.6331,0.1178,11.2918,0.6624,4500,0.6437,2.5465,0.0,9.6331,1400,1.0,18.0,30,True
2026-06-16 09:36:30,51,4,H,True,5354,359,3.5,3.8,20.0,22.0,6,3,100|200|400,1.8456,400,elbow,200,0.0589,F100:0.0000  F200:0.0589  F400:0.0000,0.097,1.9441,0.7273,7.069,0.1899,0.1277,2.713,0.9933,9.5858,0.1887,0.0765,0.4508,400,0.1736,3.7897,1.3313,13.3608,200,1.0,71.4,34,False
2026-06-16 09:36:30,51,4,V,True,5354,359,3.5,3.8,20.0,22.0,15,15,100|200|400|600|800|1000|1200|1400|1600|1800|2000|2500|3000|4000|4500,0.0225,4500,flat_terrain_default,1400,0.0,,0.0039,2.713,0.0,9.5858,0.1887,0.0147,2.713,0.0,9.5858,0.1887,0.279,0.4508,4500,0.0264,2.713,0.0,9.5858,1400,1.0,0.4,30,True
2026-06-16 09:36:30,51,5,H,True,8191,367,4.0,5.0,23.0,15.0,6,3,100|200|400,1.9648,400,elbow,200,0.059,F100:0.0000  F200:0.0590  F400:0.0000,0.1087,1.9966,0.7993,7.0896,0.338,0.1485,2.8155,1.0487,9.8873,0.3313,0.0649,0.2411,400,0.2105,3.9613,1.4836,13.3063,200,1.0,56.3,34,False
2026-06-16 09:36:30,51,5,V,True,8191,367,4.0,5.0,23.0,15.0,15,15,100|200|400|600|800|1000|1200|1400|1600|1800|2000|2500|3000|4000|4500,0.0,4500,flat_terrain_default,1200,0.0,,0.0,2.8155,0.0,9.8873,0.3313,0.0,2.8155,0.0,9.8873,0.3313,0.0,0.2411,4500,0.0,2.8155,0.0,9.8873,1200,1.0,0.0,30,True
2026-06-16 09:36:30,51,6,H,True,4513,355,4.0,5.5,23.0,15.0,6,3,100|200|400,1.9785,400,elbow,200,0.058,F100:0.0000  F200:0.0580  F400:0.0000,0.1228,2.0036,0.9093,6.9187,0.462,0.1671,2.8254,1.2593,9.5647,0.4535,0.07,0.1593,400,0.2339,3.9821,1.674,13.2062,200,1.0,51.4,34,False
2026-06-16 09:36:30,51,6,V,True,4513,355,4.0,5.5,23.0,15.0,15,15,100|200|400|600|800|1000|1200|1400|1600|1800|2000|2500|3000|4000|4500,0.0,4500,flat_terrain_default,1200,0.0,,0.0,2.8254,0.0,9.5647,0.4535,0.0,2.8254,0.0,9.5647,0.4535,0.0,0.1593,4500,0.0,2.8254,0.0,9.5647,1200,1.0,0.0,30,True
2026-06-16 09:36:30,51,7,H,True,20150,377,4.0,5.5,23.0,20.0,7,4,100|200|400|600,2.8876,600,elbow,400,0.0638,F100:0.0000  F200:0.0609  F400:0.0638  F600:0.0000,0.1352,2.0039,1.076,7.6998,0.6727,0.2654,3.997,2.0231,14.1298,0.6323,0.1675,0.2043,600,0.3338,4.8915,2.8969,17.4598,200,2.0,72.7,38,False
2026-06-16 09:36:30,51,7,V,True,20150,377,4.0,5.5,23.0,20.0,15,15,100|200|400|600|800|1000|1200|1400|1600|1800|2000|2500|3000|4000|4500,-0.0014,4500,flat_terrain_default,1200,0.0,,0.149,3.997,0.0,14.1298,0.6323,0.1489,3.997,0.0,14.1298,0.6323,2.8876,0.2043,4500,0.1476,3.997,0.0,14.1298,1200,1.0,3.7,30,True
2026-06-16 10:27:23,53,1,H,True,760,256,4.0,3.5,43.0,15.0,7,4,100|200|400|600,1.7407,600,elbow,400,0.0756,F100:0.0000  F200:0.0724  F400:0.0756  F600:0.0000,0.0885,1.4293,1.0306,5.9558,0.0459,0.143,2.6597,1.2613,11.0783,0.0468,0.1742,1.6787,600,0.165,3.17,1.2773,13.349,400,1.0,76.0,39,False
2026-06-16 10:27:23,53,1,V,True,760,256,4.0,3.5,43.0,15.0,15,15,100|200|400|600|800|1000|1200|1400|1600|1800|2000|2500|3000|4000|4500,0.0645,4500,elbow,1400,0.1307,F100:0.0000  F200:0.0353  F400:0.0757  F600:0.0992  F800:0.1140  F1000:0.1232  F1200:0.1285  F1400:0.1307  F1600:0.1306  F1800:0.1284  F2000:0.1247  F2500:0.1098  F3000:0.0886  F4000:0.0328  F4500:0.0000,0.0113,2.6597,0.0,11.0783,0.0468,0.0423,2.6597,0.0,11.0783,0.0468,0.4763,1.6787,4500,0.0758,2.6597,0.0,11.0783,1400,1.0,1.1,44,False
2026-06-16 10:27:23,53,2,H,True,994,278,4.5,3.5,38.0,15.0,6,3,100|200|400,1.3907,400,elbow,200,0.0657,F100:0.0000  F200:0.0657  F400:0.0000,0.0955,1.5683,1.0013,6.8117,0.0709,0.1218,2.161,1.2784,9.5399,0.0697,0.1401,1.0548,400,0.1551,2.959,1.4041,12.7553,200,1.0,61.7,35,False
2026-06-16 10:27:23,53,2,V,True,994,278,4.5,3.5,38.0,15.0,15,15,100|200|400|600|800|1000|1200|1400|1600|1800|2000|2500|3000|4000|4500,0.0,4500,flat_terrain_default,1400,0.0,,0.0,2.161,0.0,9.5399,0.0697,0.0,2.161,0.0,9.5399,0.0697,0.0,1.0548,4500,0.0,2.161,0.0,9.5399,1400,1.0,0.0,30,True
2026-06-16 10:27:23,53,3,H,True,2478,333,3.5,3.8,23.0,22.0,6,3,100|200|400,1.5056,400,elbow,200,0.0657,F100:0.0000  F200:0.0657  F400:0.0000,0.0853,1.6979,0.6453,7.2207,0.1222,0.1129,2.3397,0.8025,9.9869,0.1189,0.1099,0.8982,400,0.1492,3.2035,1.0778,13.1719,200,1.0,61.6,35,False
2026-06-16 10:27:23,53,3,V,True,2478,333,3.5,3.8,23.0,22.0,15,15,100|200|400|600|800|1000|1200|1400|1600|1800|2000|2500|3000|4000|4500,-0.0008,4500,flat_terrain_default,1400,0.0,,1.2933,2.3397,0.0,9.9869,0.1189,1.2929,2.3397,0.0,9.9869,0.1189,23.5577,0.8982,4500,1.2925,2.3397,0.0,9.9869,1400,1.0,36.9,30,True
2026-06-16 10:27:23,53,4,H,True,4034,351,3.5,3.8,20.0,22.0,6,3,100|200|400,1.5327,400,elbow,200,0.0642,F100:0.0000  F200:0.0642  F400:0.0000,0.0932,1.7024,0.7577,7.8728,0.1892,0.1193,2.3523,0.9443,10.6317,0.1859,0.1269,0.9065,400,0.1594,3.235,1.2632,14.3314,200,1.0,61.9,35,False
2026-06-16 10:27:23,53,4,V,True,4034,351,3.5,3.8,20.0,22.0,15,15,100|200|400|600|800|1000|1200|1400|1600|1800|2000|2500|3000|4000|4500,0.0232,4500,flat_terrain_default,1400,0.0,,0.0041,2.3523,0.0,10.6317,0.1859,0.0152,2.3523,0.0,10.6317,0.1859,0.2842,0.9065,4500,0.0272,2.3523,0.0,10.6317,1400,1.0,0.4,30,True
2026-06-16 10:27:23,53,5,H,True,9166,369,4.0,5.0,23.0,15.0,6,3,100|200|400,1.5533,400,elbow,200,0.0598,F100:0.0000  F200:0.0598  F400:0.0000,0.1025,1.7039,0.8034,7.37,0.2181,0.1358,2.353,1.079,10.2456,0.2169,0.152,0.9208,400,0.1872,3.2572,1.4668,13.7024,200,1.0,47.1,34,False
2026-06-16 10:27:23,53,5,V,True,9166,369,4.0,5.0,23.0,15.0,15,15,100|200|400|600|800|1000|1200|1400|1600|1800|2000|2500|3000|4000|4500,0.0,4500,flat_terrain_default,1200,0.0,,0.0,2.353,0.0,10.2456,0.2169,0.0,2.353,0.0,10.2456,0.2169,0.0,0.9208,4500,0.0,2.353,0.0,10.2456,1200,1.0,0.0,30,True
2026-06-16 10:27:23,53,6,H,True,5670,360,4.0,5.5,23.0,15.0,6,3,100|200|400,1.5159,400,elbow,200,0.0615,F100:0.0000  F200:0.0615  F400:0.0000,0.1187,1.6689,1.0884,7.5048,0.2972,0.1631,2.306,1.5048,10.2529,0.2928,0.1861,0.9298,400,0.2434,3.1848,2.0621,13.7586,200,1.0,41.9,35,False
2026-06-16 10:27:23,53,6,V,True,5670,360,4.0,5.5,23.0,15.0,15,15,100|200|400|600|800|1000|1200|1400|1600|1800|2000|2500|3000|4000|4500,-0.0024,4500,flat_terrain_default,1200,0.0,,0.06,2.306,0.0,10.2529,0.2928,0.0594,2.306,0.0,10.2529,0.2928,1.1248,0.9298,4500,0.0576,2.306,0.0,10.2529,1200,1.0,1.5,30,True
2026-06-16 10:27:23,53,7,H,True,15158,375,4.0,5.5,23.0,20.0,8,5,100|200|400|600|800,2.4994,800,elbow,400,0.0948,F100:0.0000  F200:0.0702  F400:0.0948  F600:0.0621  F800:0.0000,0.1371,1.6564,1.39,8.2588,0.3943,0.2515,3.0627,2.4742,14.3688,0.3604,0.2926,1.3654,800,0.3692,4.1558,3.6135,19.8701,200,2.0,55.7,44,False
2026-06-16 10:27:23,53,7,V,True,15158,375,4.0,5.5,23.0,20.0,15,15,100|200|400|600|800|1000|1200|1400|1600|1800|2000|2500|3000|4000|4500,0.0,4500,flat_terrain_default,1200,0.0,,0.0,3.0627,0.0,14.3688,0.3604,0.0,3.0627,0.0,14.3688,0.3604,0.0,1.3654,4500,0.0,3.0627,0.0,14.3688,1200,1.0,0.0,30,True
2026-06-16 11:00:54,55,1,H,False,601,235,4.0,3.5,35.0,15.0,8,5,100|200|400|600|800,1.548,800,elbow,400,0.1288,F100:0.0000  F200:0.0957  F400:0.1288  F600:0.0837  F800:0.0000,0.0645,1.41,1.1478,5.7484,0.0263,0.0949,2.3555,1.2644,10.3608,0.0275,0.1042,1.4683,800,0.1161,2.958,1.3582,13.5852,400,1.0,67.3,47,False
2026-06-16 11:00:54,55,1,V,False,601,235,4.0,3.5,35.0,15.0,15,15,100|200|400|600|800|1000|1200|1400|1600|1800|2000|2500|3000|4000|4500,0.0271,4500,flat_terrain_default,1400,0.0,,0.0157,2.3555,0.0,10.3608,0.0275,0.0266,2.3555,0.0,10.3608,0.0275,0.4071,1.4683,4500,0.0428,2.3555,0.0,10.3608,1400,1.0,0.7,30,True
2026-06-16 11:00:54,55,2,H,False,251,153,4.5,3.5,30.0,15.0,7,4,100|200|400|600,1.8383,600,elbow,400,0.0837,F100:0.0000  F200:0.0820  F400:0.0837  F600:0.0000,0.0703,1.6461,1.0875,6.5194,0.0451,0.1061,2.9667,1.1814,11.4831,0.0462,0.0828,1.3061,600,0.1197,3.4843,1.1869,13.5509,200,2.0,84.8,40,False
2026-06-16 11:00:54,55,2,V,False,251,153,4.5,3.5,30.0,15.0,15,15,100|200|400|600|800|1000|1200|1400|1600|1800|2000|2500|3000|4000|4500,0.0,4500,flat_terrain_default,1400,0.0,,0.0,2.9667,0.0,11.4831,0.0462,0.0,2.9667,0.0,11.4831,0.0462,0.0,1.3061,4500,0.0,2.9667,0.0,11.4831,1400,1.0,0.0,30,True
2026-06-16 11:00:54,55,3,H,False,1839,318,3.5,3.8,15.0,22.0,8,5,100|200|400|600|800,2.0904,800,elbow,400,0.1061,F100:0.0000  F200:0.0780  F400:0.1061  F600:0.0694  F800:0.0000,0.0584,1.5768,0.4017,6.7079,0.0502,0.0936,2.7862,0.6411,11.3304,0.0493,0.0721,1.36,800,0.1203,3.6672,0.8469,15.9737,200,2.0,73.3,45,False
2026-06-16 11:00:54,55,3,V,False,1839,318,3.5,3.8,15.0,22.0,15,15,100|200|400|600|800|1000|1200|1400|1600|1800|2000|2500|3000|4000|4500,0.0,4500,flat_terrain_default,1400,0.0,,0.0,2.7862,0.0,11.3304,0.0493,0.0,2.7862,0.0,11.3304,0.0493,0.0,1.36,4500,0.0,2.7862,0.0,11.3304,1400,1.0,0.0,30,True
2026-06-16 11:00:54,55,4,H,False,2454,333,3.5,3.8,12.0,22.0,8,5,100|200|400|600|800,2.1784,800,elbow,400,0.1024,F100:0.0000  F200:0.0746  F400:0.1024  F600:0.0661  F800:0.0000,0.067,1.575,0.5131,6.9105,0.0766,0.1104,2.8242,0.8094,12.595,0.0749,0.0996,1.4257,800,0.1468,3.7534,1.0738,16.604,200,2.0,74.3,45,False
2026-06-16 11:00:54,55,4,V,False,2454,333,3.5,3.8,12.0,22.0,15,15,100|200|400|600|800|1000|1200|1400|1600|1800|2000|2500|3000|4000|4500,0.0,4500,flat_terrain_default,1400,0.0,,0.0,2.8242,0.0,12.595,0.0749,0.0,2.8242,0.0,12.595,0.0749,0.0,1.4257,4500,0.0,2.8242,0.0,12.595,1400,1.0,0.0,30,True
2026-06-16 11:00:54,55,5,H,False,4110,352,4.0,5.0,15.0,15.0,6,3,100|200|400,1.2356,400,elbow,200,0.0654,F100:0.0000  F200:0.0654  F400:0.0000,0.1022,1.5233,0.9852,8.2416,0.118,0.1302,2.0494,1.2144,10.8144,0.1158,0.135,1.0018,400,0.1711,2.7589,1.4735,14.6779,200,1.0,41.0,35,False
2026-06-16 11:00:54,55,5,V,False,4110,352,4.0,5.0,15.0,15.0,15,15,100|200|400|600|800|1000|1200|1400|1600|1800|2000|2500|3000|4000|4500,0.0,4500,flat_terrain_default,1200,0.0,,0.0,2.0515,0.0,10.8121,0.1155,0.0,2.0515,0.0,10.8121,0.1155,0.0,1.0011,4500,0.0,2.0515,0.0,10.8121,1200,1.0,0.0,30,True
2026-06-16 11:00:54,55,6,H,False,8,8,4.0,5.5,15.0,15.0,4,1,100,0.0,100,highest_safe,100,0.0,,0.0653,1.6627,0.6906,14.6729,0.1314,0.0653,1.6627,0.6906,14.6729,0.1314,0.0365,0.5369,100,0.0653,1.6627,0.6906,14.6729,200,0.5,30.2,3,True
2026-06-16 11:00:54,55,6,V,False,8,8,4.0,5.5,15.0,15.0,15,15,100|200|400|600|800|1000|1200|1400|1600|1800|2000|2500|3000|4000|4500,0.0,4500,flat_terrain_default,1200,0.0,,0.0,1.6627,0.0,14.6729,0.1314,0.0,1.6627,0.0,14.6729,0.1314,0.0,0.5369,4500,0.0,1.6627,0.0,14.6729,1200,1.0,0.0,30,True
2026-06-16 11:00:54,55,7,H,False,3,3,4.0,5.5,15.0,20.0,15,15,100|200|400|600|800|1000|1200|1400|1600|1800|2000|2500|3000|4000|4500,2.6401,4500,elbow,1200,0.1481,F100:0.0000  F200:0.0581  F400:0.1264  F600:0.1372  F800:0.1438  F1000:0.1472  F1200:0.1481  F1400:0.1469  F1600:0.1440  F1800:0.1398  F2000:0.1344  F2500:0.1158  F3000:0.0926  F4000:0.0337  F4500:0.0000,0.0286,1.0321,0.2371,4.7836,0.0124,0.1058,2.2449,2.1996,15.9852,0.0158,0.1266,2.4043,4500,0.5394,3.6722,4.5705,17.6905,200,6.0,40.8,64,False
2026-06-16 11:00:54,55,7,V,False,3,3,4.0,5.5,15.0,20.0,15,15,100|200|400|600|800|1000|1200|1400|1600|1800|2000|2500|3000|4000|4500,0.0,4500,flat_terrain_default,1200,0.0,,0.0,2.2449,0.0,15.9852,0.0158,0.0,2.2449,0.0,15.9852,0.0158,0.0,2.4043,4500,0.0,2.2449,0.0,15.9852,1200,1.0,0.0,30,True
2026-06-16 11:00:51,54,1,H,True,536,225,4.0,3.5,43.0,15.0,5,2,100|200,0.7485,200,highest_safe,200,0.0,,0.146,1.9386,1.6422,6.6189,0.1117,0.1816,2.6872,1.9991,9.303,0.1124,0.1237,0.4562,200,0.1816,2.6872,1.9991,9.303,400,0.5,76.8,20,True
2026-06-16 11:00:51,54,1,V,True,536,225,4.0,3.5,43.0,15.0,15,15,100|200|400|600|800|1000|1200|1400|1600|1800|2000|2500|3000|4000|4500,-0.0074,4500,flat_terrain_default,1400,0.0,,0.2225,2.6872,0.0,9.303,0.1124,0.219,2.6872,0.0,9.303,0.1124,3.2782,0.4562,4500,0.2151,2.6872,0.0,9.303,1400,1.0,5.5,30,True
2026-06-16 11:00:51,54,2,H,True,13,13,4.5,3.5,38.0,15.0,5,2,100|200,0.7661,200,highest_safe,200,0.0,,0.2328,1.8984,2.2897,6.5915,0.0961,0.2821,2.6644,2.6795,9.5188,0.0971,0.1884,0.5984,200,0.2821,2.6644,2.6795,9.5188,200,1.0,76.1,21,True
2026-06-16 11:00:51,54,2,V,True,13,13,4.5,3.5,38.0,15.0,15,15,100|200|400|600|800|1000|1200|1400|1600|1800|2000|2500|3000|4000|4500,0.0,4500,flat_terrain_default,1400,0.0,,0.0,2.6644,0.0,9.5188,0.0971,0.0,2.6644,0.0,9.5188,0.0971,0.0,0.5984,4500,0.0,2.6644,0.0,9.5188,1400,1.0,0.0,30,True
2026-06-16 11:00:51,54,3,H,True,1361,300,3.5,3.8,23.0,22.0,5,2,100|200,0.7802,200,highest_safe,200,0.0,,0.1422,1.9498,1.3673,6.731,0.2564,0.1818,2.73,1.7001,9.5707,0.2556,0.1466,0.4206,200,0.1818,2.73,1.7001,9.5707,200,1.0,71.8,21,True
2026-06-16 11:00:51,54,3,V,True,1361,300,3.5,3.8,23.0,22.0,15,15,100|200|400|600|800|1000|1200|1400|1600|1800|2000|2500|3000|4000|4500,0.0256,4500,flat_terrain_default,1400,0.0,,0.0045,2.73,0.0,9.5707,0.2556,0.0168,2.73,0.0,9.5707,0.2556,0.2903,0.4206,4500,0.0301,2.73,0.0,9.5707,1400,1.0,0.5,30,True
2026-06-16 11:00:51,54,4,H,True,1864,319,3.5,3.8,20.0,22.0,5,2,100|200,0.8236,200,highest_safe,200,0.0,,0.1297,1.9998,1.0077,7.1462,0.3409,0.1736,2.8234,1.3133,9.7967,0.3381,0.0862,0.182,200,0.1736,2.8234,1.3133,9.7967,200,1.0,74.3,22,True
2026-06-16 11:00:51,54,4,V,True,1864,319,3.5,3.8,20.0,22.0,15,15,100|200|400|600|800|1000|1200|1400|1600|1800|2000|2500|3000|4000|4500,0.0258,4500,flat_terrain_default,1400,0.0,,0.0045,2.8234,0.0,9.7967,0.3381,0.0169,2.8234,0.0,9.7967,0.3381,0.3017,0.182,4500,0.0303,2.8234,0.0,9.7967,1400,1.0,0.5,30,True
2026-06-16 11:00:51,54,5,H,True,5606,360,4.0,5.0,23.0,15.0,6,3,100|200|400,2.001,400,elbow,200,0.0574,F100:0.0000  F200:0.0574  F400:0.0000,0.1412,2.0085,1.2508,7.1062,0.6406,0.1922,2.8381,1.5251,10.0156,0.6283,0.1116,0.1226,400,0.2739,4.0095,2.3369,13.4561,200,1.0,56.8,34,False
2026-06-16 11:00:51,54,5,V,True,5606,360,4.0,5.0,23.0,15.0,15,15,100|200|400|600|800|1000|1200|1400|1600|1800|2000|2500|3000|4000|4500,0.0,4500,flat_terrain_default,1200,0.0,,0.0,2.8381,0.0,10.0156,0.6283,0.0,2.8381,0.0,10.0156,0.6283,0.0,0.1226,4500,0.0,2.8381,0.0,10.0156,1200,1.0,0.0,30,True
2026-06-16 11:00:51,54,6,H,True,1833,318,4.0,5.5,23.0,15.0,6,3,100|200|400,2.0087,400,elbow,200,0.0576,F100:0.0000  F200:0.0576  F400:0.0000,0.1427,2.0116,1.2116,7.7148,0.7705,0.1986,2.8447,1.6799,10.3677,0.7505,0.1116,0.0492,400,0.2967,4.0203,3.1213,14.7832,200,1.0,51.7,34,False
2026-06-16 11:00:51,54,6,V,True,1833,318,4.0,5.5,23.0,15.0,15,15,100|200|400|600|800|1000|1200|1400|1600|1800|2000|2500|3000|4000|4500,0.0,4500,flat_terrain_default,1200,0.0,,0.0,2.8447,0.0,10.3677,0.7505,0.0,2.8447,0.0,10.3677,0.7505,0.0,0.0492,4500,0.0,2.8447,0.0,10.3677,1200,1.0,0.0,30,True
2026-06-16 11:00:51,54,7,H,True,13972,374,4.0,5.5,23.0,20.0,7,4,100|200|400|600,2.9089,600,elbow,400,0.0637,F100:0.0000  F200:0.0607  F400:0.0637  F600:0.0000,0.1893,2.0073,2.0353,8.3535,0.9927,0.4075,4.0144,4.4061,15.7158,0.9061,0.2443,0.082,600,0.5434,4.9161,5.7649,18.2456,200,2.0,73.0,38,False
2026-06-16 11:00:51,54,7,V,True,13972,374,4.0,5.5,23.0,20.0,15,15,100|200|400|600|800|1000|1200|1400|1600|1800|2000|2500|3000|4000|4500,-0.0004,4500,flat_terrain_default,1200,0.0,,0.7269,4.0144,0.0,15.7158,0.9061,0.7271,4.0144,0.0,15.7158,0.9061,14.0424,0.082,4500,0.7266,4.0144,0.0,15.7158,1200,1.0,18.2,30,True
2026-06-16 11:23:08,56,1,H,True,911,271,4.0,3.5,43.0,15.0,8,5,100|200|400|600|800,1.6266,800,elbow,400,0.1221,F100:0.0000  F200:0.0871  F400:0.1221  F600:0.0791  F800:0.0000,0.0696,1.3354,1.0837,6.1192,0.0292,0.0993,2.3135,1.2431,10.8947,0.0302,0.0919,1.5652,800,0.12,2.9621,1.2431,14.8611,400,1.0,66.1,47,False
2026-06-16 11:23:08,56,1,V,True,911,271,4.0,3.5,43.0,15.0,15,15,100|200|400|600|800|1000|1200|1400|1600|1800|2000|2500|3000|4000|4500,-0.0016,4500,flat_terrain_default,1400,0.0,,2.1611,2.3135,0.0,10.8947,0.0302,2.1609,2.3135,0.0,10.8947,0.0302,35.5071,1.5652,4500,2.1595,2.3135,0.0,10.8947,1400,1.0,54.0,30,True
2026-06-16 11:23:08,56,2,H,True,2,2,4.5,3.5,38.0,15.0,0,0,,0.0,,composite_fallback,100,0.0,,,,,,,,,,,,,,,,,,,200,0.5,,0,True
2026-06-16 11:23:08,56,2,V,True,2,2,4.5,3.5,38.0,15.0,0,0,,0.0,,composite_fallback,100,0.0,,,,,,,,,,,,,,,,,,,1400,0.071,,0,True
2026-06-16 11:23:08,56,3,H,True,2169,327,3.5,3.8,23.0,22.0,8,5,100|200|400|600|800,2.0432,800,elbow,400,0.1073,F100:0.0000  F200:0.0773  F400:0.1073  F600:0.0691  F800:0.0000,0.076,1.5151,0.4289,6.3072,0.0785,0.1162,2.7009,0.6785,11.7345,0.0787,0.3023,1.5273,800,0.155,3.5583,0.8652,15.8661,200,2.0,71.1,45,False
2026-06-16 11:23:08,56,3,V,True,2169,327,3.5,3.8,23.0,22.0,15,15,100|200|400|600|800|1000|1200|1400|1600|1800|2000|2500|3000|4000|4500,0.0245,4500,flat_terrain_default,1400,0.0,,0.0043,2.7009,0.0,11.7345,0.0787,0.0161,2.7009,0.0,11.7345,0.0787,0.2903,1.5273,4500,0.0288,2.7009,0.0,11.7345,1400,1.0,0.5,30,True
2026-06-16 11:23:08,56,4,H,True,1386,301,3.5,3.8,20.0,22.0,7,4,100|200|400|600,2.0815,600,elbow,400,0.0739,F100:0.0000  F200:0.0705  F400:0.0739  F600:0.0000,0.0721,1.6838,0.483,6.4607,0.1178,0.1196,3.1502,0.7585,12.5322,0.117,0.0857,1.3805,600,0.1445,3.7653,0.9548,15.0569,200,2.0,82.9,39,False
2026-06-16 11:23:08,56,4,V,True,1386,301,3.5,3.8,20.0,22.0,15,15,100|200|400|600|800|1000|1200|1400|1600|1800|2000|2500|3000|4000|4500,0.0,4500,flat_terrain_default,1400,0.0,,0.0,3.1502,0.0,12.5322,0.117,0.0,3.1502,0.0,12.5322,0.117,0.0,1.3805,4500,0.0,3.1502,0.0,12.5322,1400,1.0,0.0,30,True
2026-06-16 11:23:08,56,5,H,True,2894,340,4.0,5.0,23.0,15.0,7,4,100|200|400|600,2.0038,600,elbow,400,0.0746,F100:0.0000  F200:0.0708  F400:0.0746  F600:0.0000,0.0649,1.6339,0.4387,6.3812,0.0972,0.1127,3.0475,0.7383,12.1116,0.0971,0.0737,1.395,600,0.1374,3.6377,0.9393,14.3246,200,2.0,60.9,39,False
2026-06-16 11:23:08,56,5,V,True,2894,340,4.0,5.0,23.0,15.0,15,15,100|200|400|600|800|1000|1200|1400|1600|1800|2000|2500|3000|4000|4500,0.0002,4500,flat_terrain_default,1200,0.0,,2.9072,3.0475,0.0,12.1116,0.0971,2.9073,3.0475,0.0,12.1116,0.0971,53.5283,1.395,4500,2.9074,3.0475,0.0,12.1116,1200,1.0,72.7,30,True
2026-06-16 11:23:08,56,6,H,True,6594,364,4.0,5.5,23.0,15.0,6,3,100|200|400,1.6659,400,elbow,200,0.0616,F100:0.0000  F200:0.0616  F400:0.0000,0.1004,1.8171,0.8321,7.6507,0.235,0.1349,2.5175,1.1326,10.3204,0.2314,0.102,0.7417,400,0.1897,3.483,1.531,13.695,200,1.0,45.8,35,False
2026-06-16 11:23:08,56,6,V,True,6594,364,4.0,5.5,23.0,15.0,15,15,100|200|400|600|800|1000|1200|1400|1600|1800|2000|2500|3000|4000|4500,0.0,4500,flat_terrain_default,1200,0.0,,0.0,2.5175,0.0,10.3204,0.2314,0.0,2.5175,0.0,10.3204,0.2314,0.0,0.7417,4500,0.0,2.5175,0.0,10.3204,1200,1.0,0.0,30,True
2026-06-16 11:23:08,56,7,H,True,6006,362,4.0,5.5,23.0,20.0,7,4,100|200|400|600,2.105,600,elbow,400,0.0706,F100:0.0000  F200:0.0694  F400:0.0706  F600:0.0000,0.1015,1.6962,0.8585,8.3014,0.262,0.1813,3.1694,1.5366,15.249,0.2471,0.141,1.3587,600,0.2174,3.8012,1.8497,17.9398,200,2.0,57.6,39,False
2026-06-16 11:23:08,56,7,V,True,6006,362,4.0,5.5,23.0,20.0,15,15,100|200|400|600|800|1000|1200|1400|1600|1800|2000|2500|3000|4000|4500,0.0,4500,flat_terrain_default,1200,0.0,,0.0,3.1694,0.0,15.249,0.2471,0.0,3.1694,0.0,15.249,0.2471,0.0,1.3587,4500,0.0,3.1694,0.0,15.249,1200,1.0,0.0,30,True
2026-06-16 12:06:13,72,1,H,False,280,163,4.0,3.5,35.0,15.0,5,2,100|200,0.7227,200,highest_safe,200,0.0,,0.1288,1.8812,1.8384,6.2668,0.0867,0.1615,2.6039,2.2836,8.4727,0.0866,0.0949,0.4761,200,0.1615,2.6039,2.2836,8.4727,400,0.5,74.4,20,True
2026-06-16 12:06:13,72,1,V,False,280,163,4.0,3.5,35.0,15.0,15,15,100|200|400|600|800|1000|1200|1400|1600|1800|2000|2500|3000|4000|4500,-0.019,4500,flat_terrain_default,1400,0.0,,0.1323,2.6039,0.0,8.4727,0.0866,0.1271,2.6039,0.0,8.4727,0.0866,1.6176,0.4761,4500,0.1132,2.6039,0.0,8.4727,1400,1.0,3.2,30,True
2026-06-16 12:06:13,72,2,H,False,48,43,4.5,3.5,30.0,15.0,5,2,100|200,0.7698,200,highest_safe,200,0.0,,0.1652,1.9441,2.4388,6.7103,0.1215,0.1735,2.7139,2.295,9.7575,0.1215,0.0922,0.2886,200,0.1735,2.7139,2.295,9.7575,200,1.0,77.5,21,True
2026-06-16 12:06:13,72,2,V,False,48,43,4.5,3.5,30.0,15.0,15,15,100|200|400|600|800|1000|1200|1400|1600|1800|2000|2500|3000|4000|4500,0.0,4500,flat_terrain_default,1400,0.0,,0.0,2.7139,0.0,9.7575,0.1215,0.0,2.7139,0.0,9.7575,0.1215,0.0,0.2886,4500,0.0,2.7139,0.0,9.7575,1400,1.0,0.0,30,True
2026-06-16 12:06:13,72,3,H,False,388,194,3.5,3.8,15.0,22.0,5,2,100|200,0.788,200,highest_safe,200,0.0,,0.1112,1.966,1.383,7.8809,0.3054,0.1495,2.754,1.7759,10.8694,0.3005,0.1229,0.2662,200,0.1495,2.754,1.7759,10.8694,200,1.0,72.5,21,True
2026-06-16 12:06:13,72,3,V,False,388,194,3.5,3.8,15.0,22.0,15,15,100|200|400|600|800|1000|1200|1400|1600|1800|2000|2500|3000|4000|4500,0.0056,4500,flat_terrain_default,1400,0.0,,0.0074,2.7545,0.0,10.8682,0.3014,0.013,2.7545,0.0,10.8682,0.3014,0.1803,0.2656,4500,0.013,2.7545,0.0,10.8682,1400,1.0,0.4,30,True
2026-06-16 12:06:13,72,4,H,False,949,274,3.5,3.8,12.0,22.0,5,2,100|200,0.8206,200,highest_safe,200,0.0,,0.1636,1.9979,2.2218,8.4292,1.0987,0.2267,2.8185,3.2007,11.3284,1.0721,0.2078,0.1389,200,0.2267,2.8185,3.2007,11.3284,200,1.0,74.2,22,True
2026-06-16 12:06:13,72,4,V,False,949,274,3.5,3.8,12.0,22.0,15,15,100|200|400|600|800|1000|1200|1400|1600|1800|2000|2500|3000|4000|4500,0.0,4500,flat_terrain_default,1400,0.0,,0.0,2.8185,0.0,11.3284,1.0721,0.0,2.8185,0.0,11.3284,1.0721,0.0,0.1389,4500,0.0,2.8185,0.0,11.3284,1400,1.0,0.0,30,True
2026-06-16 12:06:13,72,5,H,False,1099,285,4.0,5.0,15.0,15.0,6,3,100|200|400,1.9984,400,elbow,200,0.0572,F100:0.0000  F200:0.0572  F400:0.0000,0.1863,2.0116,2.2263,8.1989,1.3105,0.2585,2.8394,3.2606,10.7494,1.2793,0.2012,0.0912,400,0.388,4.01,5.5641,14.1098,200,1.0,56.8,34,False
2026-06-16 12:06:13,72,5,V,False,1099,285,4.0,5.0,15.0,15.0,15,15,100|200|400|600|800|1000|1200|1400|1600|1800|2000|2500|3000|4000|4500,0.0272,4500,flat_terrain_default,1200,0.0,,0.005,2.8394,0.0,10.7494,1.2793,0.0174,2.8394,0.0,10.7494,1.2793,0.2933,0.0912,4500,0.0322,2.8394,0.0,10.7494,1200,1.0,0.4,30,True
2026-06-16 12:06:13,72,6,H,False,184,125,4.0,5.5,15.0,15.0,6,3,100|200|400,2.0077,400,elbow,200,0.0571,F100:0.0000  F200:0.0571  F400:0.0000,0.2505,2.0144,3.747,7.752,1.7395,0.334,2.8457,4.6561,10.5684,1.6953,0.2483,0.0357,400,0.4937,4.022,6.9217,13.7199,200,1.0,51.7,34,False
2026-06-16 12:06:13,72,6,V,False,184,125,4.0,5.5,15.0,15.0,15,15,100|200|400|600|800|1000|1200|1400|1600|1800|2000|2500|3000|4000|4500,0.0,4500,flat_terrain_default,1200,0.0,,0.0,2.8457,0.0,10.5684,1.6953,0.0,2.8457,0.0,10.5684,1.6953,0.0,0.0357,4500,0.0,2.8457,0.0,10.5684,1200,1.0,0.0,30,True
2026-06-16 12:06:13,72,7,H,False,2410,332,4.0,5.5,15.0,20.0,7,4,100|200|400|600,2.8923,600,elbow,400,0.064,F100:0.0000  F200:0.0610  F400:0.0640  F600:0.0000,0.3093,2.0088,3.993,9.0195,1.5756,0.598,4.006,6.9671,16.0649,1.4431,0.5013,0.1864,600,0.7763,4.9011,9.1903,18.5016,200,2.0,72.8,38,False
2026-06-16 12:06:13,72,7,V,False,2410,332,4.0,5.5,15.0,20.0,15,15,100|200|400|600|800|1000|1200|1400|1600|1800|2000|2500|3000|4000|4500,0.0177,4500,flat_terrain_default,1200,0.0,,0.0149,4.006,0.0,16.0649,1.4431,0.0222,4.006,0.0,16.0649,1.4431,0.4035,0.1864,4500,0.0327,4.006,0.0,16.0649,1200,1.0,0.6,30,True
2026-08-12 11:52:24,11,1,H,False,11,11,4.0,3.5,35.0,15.0,0,0,,0.0,,composite_fallback,100,0.0,,,,,,,,,,,,,,,,,,,400,0.25,,0,True
2026-08-12 11:52:24,11,1,V,False,11,11,4.0,3.5,35.0,15.0,6,3,100|200|400,0.9309,400,elbow,200,0.0831,F100:0.0000  F200:0.0831  F400:0.0000,2.7783,2.0196,17.9652,6.5507,0.1941,3.1981,2.0196,16.6859,6.5507,0.1941,1.1582,0.0626,400,3.7093,2.0196,15.1356,6.5507,1400,0.143,80.0,35,False
2026-08-12 11:52:24,11,2,H,False,8,8,4.5,3.5,30.0,15.0,5,2,100|200,0.8577,200,highest_safe,200,0.0,,0.5438,2.0698,9.7872,7.57,0.1906,0.8056,2.9275,22.8805,8.0462,0.192,0.652,0.191,200,0.8056,2.9275,22.8805,8.0462,200,1.0,83.6,23,True
2026-08-12 11:52:24,11,2,V,False,8,8,4.5,3.5,30.0,15.0,15,15,100|200|400|600|800|1000|1200|1400|1600|1800|2000|2500|3000|4000|4500,2.1671,4500,elbow,1400,0.4207,F100:0.0000  F200:0.1185  F400:0.2649  F600:0.3465  F800:0.3985  F1000:0.4129  F1200:0.4183  F1400:0.4207  F1600:0.4062  F1800:0.3882  F2000:0.3694  F2500:0.3194  F3000:0.2411  F4000:0.0804  F4500:0.0000,2.1323,2.9152,11.8271,8.4074,0.188,4.0619,2.9152,18.3463,8.4074,0.188,1.4084,0.1816,4500,4.2994,2.9152,18.8527,8.4074,1400,1.0,90.3,92,False
2026-08-12 11:52:24,11,3,H,False,82,68,3.5,3.8,15.0,22.0,11,8,100|200|400|600|800|1000|1200|1400,2.2412,1400,elbow,600,0.1255,F100:0.0000  F200:0.0718  F400:0.1166  F600:0.1255  F800:0.1162  F1000:0.0874  F1200:0.0479  F1400:0.0000,0.356,1.4947,11.454,7.2237,0.0247,0.4596,2.7546,11.454,15.2123,0.0242,0.4525,1.8708,1400,0.507,3.7359,11.1072,21.4542,400,1.5,72.5,56,False
2026-08-12 11:52:24,11,3,V,False,82,68,3.5,3.8,15.0,22.0,5,1,200,0.0,200,highest_safe,200,0.0,,2.6983,3.0576,15.975,17.0607,0.0832,3.1219,3.0576,13.99,17.0607,0.0832,2.5775,1.9913,200,3.1219,3.0576,13.99,17.0607,1400,0.143,89.2,3,True
2026-08-12 11:52:24,11,4,H,False,104,83,3.5,3.8,12.0,22.0,8,5,100|200|400|600|800,2.0126,800,elbow,400,0.1118,F100:0.0000  F200:0.0834  F400:0.1118  F600:0.0703  F800:0.0000,0.4258,1.5898,9.811,8.3966,0.0795,0.5311,2.7706,10.9255,13.8552,0.0713,0.5049,1.602,800,0.6224,3.6024,11.8113,17.9273,400,1.0,72.9,46,False
2026-08-12 11:52:24,11,4,V,False,104,83,3.5,3.8,12.0,22.0,15,0,,0.0,,composite_fallback,100,0.0,,2.5693,2.8824,13.8576,15.8576,0.1327,2.5693,2.8824,13.8576,15.8576,0.1327,1.9195,1.5357,,,,,,1400,0.071,73.4,0,True
2026-08-12 11:52:24,11,5,H,False,44,40,4.0,5.0,15.0,15.0,5,2,100|200,0.6256,200,highest_safe,200,0.0,,0.5851,1.6516,13.6635,10.5101,0.1872,0.7168,2.2772,13.6901,13.2171,0.1753,0.5328,0.9634,200,0.7168,2.2772,13.6901,13.2171,200,1.0,45.5,18,True
2026-08-12 11:52:24,11,5,V,False,44,40,4.0,5.0,15.0,15.0,15,0,,0.0,,composite_fallback,100,0.0,,2.9107,1.9904,16.7999,10.2505,0.1425,2.9107,1.9904,16.7999,10.2505,0.1425,1.8251,1.0206,,,,,,1000,0.1,72.8,0,True
2026-08-12 11:52:24,11,7,H,False,107,84,4.0,5.5,15.0,20.0,6,3,100|200|400,1.2545,400,elbow,200,0.0591,F100:0.0000  F200:0.0591  F400:0.0000,0.2931,1.5624,7.7867,12.5659,0.1551,0.3278,2.0853,8.54,15.6134,0.1415,0.2602,0.7988,400,0.3877,2.8169,10.531,18.4607,400,0.5,37.9,34,False
2026-08-12 11:52:24,11,7,V,False,107,84,4.0,5.5,15.0,20.0,8,5,100|200|400|600|800,1.6178,800,elbow,400,0.1123,F100:0.0000  F200:0.0702  F400:0.1123  F600:0.0712  F800:0.0000,2.2424,2.1802,11.5877,16.0707,0.1997,3.1927,2.1802,13.9391,16.0707,0.1997,1.322,0.9391,800,3.8602,2.1802,14.9476,16.0707,1000,0.4,79.8,46,False
2026-08-12 11:52:23,10,1,H,False,41,38,4.0,3.5,35.0,15.0,5,2,100|200,0.7005,200,highest_safe,200,0.0,,0.658,1.9181,16.6459,6.4689,0.0716,0.8342,2.6187,17.8863,8.5438,0.0718,0.5032,0.5563,200,0.8342,2.6187,17.8863,8.5438,400,0.5,74.8,20,True
2026-08-12 11:52:23,10,1,V,False,41,38,4.0,3.5,35.0,15.0,9,6,100|200|400|600|800|1000,0.6188,1000,elbow,400,0.2121,F100:0.0000  F200:0.1601  F400:0.2121  F600:0.1631  F800:0.0776  F1000:0.0000,3.3623,2.6187,21.1887,8.5438,0.0718,3.7541,2.6187,20.7907,8.5438,0.0718,2.0733,0.5563,1000,3.9811,2.6187,20.1147,8.5438,1400,0.286,93.9,51,False
2026-08-12 11:52:23,10,2,H,False,68,58,4.5,3.5,30.0,15.0,0,0,,0.0,,composite_fallback,100,0.0,,,,,,,,,,,,,,,,,,,200,0.5,,0,True
2026-08-12 11:52:23,10,2,V,False,68,58,4.5,3.5,30.0,15.0,15,15,100|200|400|600|800|1000|1200|1400|1600|1800|2000|2500|3000|4000|4500,1.0773,4500,elbow,1000,0.4092,F100:0.0000  F200:0.1666  F400:0.3160  F600:0.3853  F800:0.4054  F1000:0.4092  F1200:0.4065  F1400:0.3999  F1600:0.3918  F1800:0.3793  F2000:0.3574  F2500:0.3005  F3000:0.2368  F4000:0.0804  F4500:0.0000,2.3715,1.8153,15.3752,7.1256,0.0699,3.2154,1.8153,16.6047,7.1256,0.0699,1.718,0.4806,4500,3.4489,1.8153,16.4817,7.1256,1400,0.714,71.5,90,False
2026-08-12 11:52:23,10,3,H,False,329,178,3.5,3.8,15.0,22.0,9,6,100|200|400|600|800|1000,2.1646,1000,elbow,400,0.1122,F100:0.0000  F200:0.0734  F400:0.1122  F600:0.0993  F800:0.0598  F1000:0.0000,0.1237,1.4417,3.3215,6.6406,0.0381,0.1676,2.5067,3.7347,11.8852,0.0377,0.1551,1.5405,1000,0.1877,3.6063,3.7347,16.1475,400,1.0,66.0,49,False
2026-08-12 11:52:23,10,3,V,False,329,178,3.5,3.8,15.0,22.0,15,12,100|200|400|600|800|1000|1200|1400|1600|1800|2000|2500,1.1986,2500,elbow,800,0.2761,F100:0.0000  F200:0.1248  F400:0.2311  F600:0.2663  F800:0.2761  F1000:0.2666  F1200:0.2480  F1400:0.2213  F1600:0.1886  F1800:0.1540  F2000:0.1151  F2500:0.0000,1.6456,2.8946,9.3902,12.6163,0.0572,2.4633,2.8946,13.1754,12.6163,0.0572,1.8508,1.427,2500,2.8443,2.8946,14.3967,12.6163,1400,0.571,70.4,77,False
2026-08-12 11:52:23,10,4,H,False,301,170,3.5,3.8,12.0,22.0,6,3,100|200|400,1.7313,400,elbow,200,0.0645,F100:0.0000  F200:0.0645  F400:0.0000,0.1479,1.8819,3.8828,7.2287,0.1146,0.176,2.617,3.8828,11.5245,0.1115,0.1335,0.7215,400,0.2152,3.6132,4.6603,15.3155,400,0.5,68.9,35,False
2026-08-12 11:52:23,10,4,V,False,301,170,3.5,3.8,12.0,22.0,7,4,100|200|400|600,0.8945,600,elbow,400,0.1063,F100:0.0000  F200:0.1062  F400:0.1063  F600:0.0000,1.6418,2.6291,9.1873,11.2879,0.0995,2.313,2.6291,11.0505,11.2879,0.0995,1.2096,0.6744,600,2.5363,2.6291,11.5547,11.2879,1400,0.286,66.1,39,False
2026-08-12 11:52:23,10,5,H,False,702,249,4.0,5.0,15.0,15.0,6,3,100|200|400,1.6073,400,elbow,200,0.0669,F100:0.0000  F200:0.0669  F400:0.0000,0.1152,1.8387,2.8605,7.5637,0.0975,0.1421,2.5265,3.0284,10.002,0.0967,0.1024,0.704,400,0.1612,3.4461,3.042,14.0427,200,1.0,50.5,35,False
2026-08-12 11:52:23,10,5,V,False,702,249,4.0,5.0,15.0,15.0,15,15,100|200|400|600|800|1000|1200|1400|1600|1800|2000|2500|3000|4000|4500,1.0389,4500,elbow,1200,0.3306,F100:0.0000  F200:0.1307  F400:0.2387  F600:0.2822  F800:0.3053  F1000:0.3218  F1200:0.3306  F1400:0.3303  F1600:0.3233  F1800:0.3179  F2000:0.3064  F2500:0.2583  F3000:0.2017  F4000:0.0711  F4500:0.0000,1.6359,2.6648,9.1919,11.2593,0.1304,2.3814,2.6648,12.8135,11.2593,0.1304,2.0066,0.6194,4500,2.6748,2.6648,13.4726,11.2593,1000,1.2,59.5,83,False
2026-08-12 11:52:23,10,6,H,False,299,169,4.0,5.5,15.0,15.0,6,3,100|200|400,1.6049,400,elbow,200,0.0636,F100:0.0000  F200:0.0636  F400:0.0000,0.1329,1.82,3.0651,7.6504,0.098,0.1469,2.4993,3.1161,10.123,0.0978,0.1192,0.776,400,0.1737,3.425,3.0651,14.1259,200,1.0,45.4,35,False
2026-08-12 11:52:23,10,6,V,False,299,169,4.0,5.5,15.0,15.0,15,15,100|200|400|600|800|1000|1200|1400|1600|1800|2000|2500|3000|4000|4500,0.5424,4500,elbow,800,0.4055,F100:0.0000  F200:0.2087  F400:0.3490  F600:0.3912  F800:0.4055  F1000:0.4031  F1200:0.3918  F1400:0.3774  F1600:0.3601  F1800:0.3426  F2000:0.3258  F2500:0.2707  F3000:0.2124  F4000:0.0768  F4500:0.0000,1.3313,2.6031,4.9582,10.2742,0.1238,1.7286,2.6031,6.6621,10.2742,0.1238,1.4391,0.7232,4500,1.8737,2.6031,6.6621,10.2742,1000,0.8,43.2,80,False
2026-08-12 11:52:23,10,7,H,False,1868,319,4.0,5.5,15.0,20.0,7,4,100|200|400|600,2.695,600,elbow,400,0.0679,F100:0.0000  F200:0.0644  F400:0.0679  F600:0.0000,0.125,1.9894,2.5593,8.7207,0.1868,0.1708,3.865,3.1023,16.6697,0.1869,0.1315,0.8688,600,0.1927,4.6843,3.2841,19.3821,400,1.0,70.3,38,False
2026-08-12 11:52:23,10,7,V,False,1868,319,4.0,5.5,15.0,20.0,15,15,100|200|400|600|800|1000|1200|1400|1600|1800|2000|2500|3000|4000|4500,0.4903,4500,elbow,1000,0.4221,F100:0.0000  F200:0.2129  F400:0.3618  F600:0.4075  F800:0.4214  F1000:0.4221  F1200:0.4148  F1400:0.4049  F1600:0.3911  F1800:0.3723  F2000:0.3503  F2500:0.2873  F3000:0.2187  F4000:0.0750  F4500:0.0000,1.2164,3.791,5.1116,16.75,0.1772,1.6094,3.791,6.9805,16.75,0.1772,1.3265,0.9602,4500,1.7067,3.791,6.9805,16.75,1000,1.0,40.2,81,False
2026-08-12 11:52:23,09,1,H,False,346,183,4.0,3.5,35.0,15.0,6,3,100|200|400,1.5345,400,elbow,200,0.0632,F100:0.0000  F200:0.0632  F400:0.0000,0.6681,1.7908,11.8395,5.7925,0.0552,0.7317,2.4394,12.0481,7.4638,0.0558,0.4325,0.6866,400,0.8953,3.3253,13.7484,11.036,400,0.5,69.7,35,False
2026-08-12 11:52:23,09,1,V,False,346,183,4.0,3.5,35.0,15.0,7,4,100|200|400|600,1.2996,600,elbow,400,0.0821,F100:0.0000  F200:0.0702  F400:0.0821  F600:0.0000,2.675,2.4873,17.1733,7.9414,0.0634,3.6056,2.4873,17.7327,7.9414,0.0634,1.214,0.734,600,3.9746,2.4873,18.1221,7.9414,1400,0.286,90.1,40,False
2026-08-12 11:52:23,09,2,H,False,273,160,4.5,3.5,30.0,15.0,8,5,100|200|400|600|800,1.6755,800,elbow,400,0.0838,F100:0.0000  F200:0.0592  F400:0.0838  F600:0.0557  F800:0.0000,0.4618,1.1377,11.9008,4.6765,0.0398,0.6318,2.0543,11.9008,9.79,0.0376,0.8935,2.442,800,0.6527,2.8132,11.9008,14.9333,200,2.0,58.7,43,False
2026-08-12 11:52:23,09,2,V,False,273,160,4.5,3.5,30.0,15.0,6,3,100|200|400,0.8127,400,elbow,200,0.038,F100:0.0000  F200:0.0380  F400:0.0000,3.3789,3.7142,21.0866,12.6435,0.0973,3.6935,3.7142,20.0576,12.6435,0.0973,1.6624,0.7956,400,4.1917,3.7142,20.983,12.6435,1400,0.143,82.1,28,False
2026-08-12 11:52:23,09,3,H,False,799,260,3.5,3.8,15.0,22.0,5,2,100|200,0.7818,200,highest_safe,200,0.0,,1.0509,1.9116,23.6565,7.0403,0.1267,1.0775,2.6934,23.6565,8.6953,0.1244,0.6395,0.2956,200,1.0775,2.6934,23.6565,8.6953,400,0.5,70.9,21,True
2026-08-12 11:52:23,09,3,V,False,799,260,3.5,3.8,15.0,22.0,15,0,,0.0,,composite_fallback,100,0.0,,3.0298,2.7684,19.4551,9.9069,0.1707,3.0298,2.7684,19.4551,9.9069,0.1707,1.9563,0.3625,,,,,,1400,0.071,86.6,0,True
2026-08-12 11:52:23,09,4,H,False,1611,311,3.5,3.8,12.0,22.0,5,2,100|200,0.8136,200,highest_safe,200,0.0,,0.8209,1.9759,18.5495,6.7465,0.1625,0.9574,2.7896,18.5599,9.1958,0.1604,0.3316,0.1437,200,0.9574,2.7896,18.5599,9.1958,400,0.5,73.4,22,True
2026-08-12 11:52:23,09,4,V,False,1611,311,3.5,3.8,12.0,22.0,15,0,,0.0,,composite_fallback,100,0.0,,2.8308,2.8146,18.637,11.1133,0.2258,2.8308,2.8146,18.637,11.1133,0.2258,1.8274,0.3827,,,,,,1400,0.071,80.9,0,True
2026-08-12 11:52:23,09,5,H,False,2046,324,4.0,5.0,15.0,15.0,5,2,100|200,0.8157,200,highest_safe,200,0.0,,0.9179,2.011,16.2987,6.4493,0.2039,1.0596,2.8267,16.8191,10.861,0.198,0.4384,0.1777,200,1.0596,2.8267,16.8191,10.861,200,1.0,56.5,22,True
2026-08-12 11:52:23,09,5,V,False,2046,324,4.0,5.0,15.0,15.0,15,0,,0.0,,composite_fallback,100,0.0,,3.3997,2.8592,21.8173,11.2459,0.2835,3.3997,2.8592,21.8173,11.2459,0.2835,2.0395,0.3212,,,,,,1000,0.1,85.0,0,True
2026-08-12 11:52:23,09,6,H,False,583,232,4.0,5.5,15.0,15.0,6,3,100|200|400,2.0136,400,elbow,200,0.0602,F100:0.0000  F200:0.0602  F400:0.0000,0.9503,2.0714,19.325,8.6623,0.3469,1.1214,2.914,19.325,11.835,0.3325,0.6278,0.3965,400,1.3196,4.085,19.325,14.748,200,1.0,53.0,35,False
2026-08-12 11:52:23,09,6,V,False,583,232,4.0,5.5,15.0,15.0,15,0,,0.0,,composite_fallback,100,0.0,,3.5199,2.8877,22.1216,11.7836,0.3418,3.5199,2.8877,22.1216,11.7836,0.3418,1.9606,0.3417,,,,,,1000,0.1,88.0,0,True
2026-08-12 11:52:23,09,7,H,False,3586,348,4.0,5.5,15.0,20.0,7,4,100|200|400|600,2.9231,600,elbow,400,0.0668,F100:0.0000  F200:0.0629  F400:0.0668  F600:0.0000,0.9295,2.0683,17.5617,8.0877,0.4843,1.4341,4.0983,20.1546,14.0282,0.4524,0.674,0.3123,600,1.5868,4.9914,19.7838,18.0044,400,1.0,74.5,38,False
2026-08-12 11:52:23,09,7,V,False,3586,348,4.0,5.5,15.0,20.0,15,0,,0.0,,composite_fallback,100,0.0,,3.789,4.12,22.6165,14.7565,0.4541,3.789,4.12,22.6165,14.7565,0.4541,1.987,0.4961,,,,,,1000,0.1,94.7,0,True
2026-08-12 11:59:55,15,1,H,False,54,48,4.0,3.5,35.0,15.0,5,2,100|200,0.7924,200,highest_safe,200,0.0,,1.7074,1.9632,31.898,6.5063,0.1204,2.1335,2.7556,41.9065,8.6707,0.1222,2.3669,0.4491,200,2.1335,2.7556,41.9065,8.6707,400,0.5,78.7,21,True
2026-08-12 11:59:55,15,1,V,False,54,48,4.0,3.5,35.0,15.0,15,0,,0.0,,composite_fallback,100,0.0,,5.3216,2.773,32.3336,8.7277,0.1136,5.3216,2.773,32.3336,8.7277,0.1136,5.2914,0.4065,,,,,,1400,0.071,133.0,0,True
2026-08-12 11:59:55,15,2,H,False,31,29,4.5,3.5,30.0,15.0,5,2,100|200,0.8069,200,highest_safe,200,0.0,,1.8068,2.0001,33.4948,6.6514,0.1837,2.4867,2.807,55.4292,9.573,0.1844,2.7659,0.1388,200,2.4867,2.807,55.4292,9.573,200,1.0,80.2,22,True
2026-08-12 11:59:55,15,2,V,False,31,29,4.5,3.5,30.0,15.0,15,0,,0.0,,composite_fallback,100,0.0,,6.2207,2.7703,48.9459,9.8248,0.1718,6.2207,2.7703,48.9459,9.8248,0.1718,5.5938,0.4264,,,,,,1400,0.071,138.2,0,True
2026-08-12 11:59:55,15,3,H,False,322,176,3.5,3.8,15.0,22.0,7,4,100|200|400|600,1.9127,600,elbow,400,0.0725,F100:0.0000  F200:0.0674  F400:0.0725  F600:0.0000,1.8553,1.6548,36.4606,5.964,0.1298,2.5338,2.9986,46.1379,10.6309,0.1292,2.5082,1.4521,600,2.8608,3.5675,52.9712,12.2582,400,1.0,78.9,39,False
2026-08-12 11:59:55,15,3,V,False,322,176,3.5,3.8,15.0,22.0,15,0,,0.0,,composite_fallback,100,0.0,,4.5232,3.4879,28.2478,13.1707,0.1313,4.5232,3.4879,28.2478,13.1707,0.1313,5.8535,1.1251,,,,,,1400,0.071,129.2,0,True
2026-08-12 11:59:55,15,4,H,False,404,198,3.5,3.8,12.0,22.0,5,2,100|200,0.8352,200,highest_safe,200,0.0,,0.3651,2.0166,6.7517,5.4421,0.1066,0.4668,2.8518,7.9821,7.5744,0.1078,0.062,0.0177,200,0.4668,2.8518,7.9821,7.5744,400,0.5,75.0,22,True
2026-08-12 11:59:55,15,4,V,False,404,198,3.5,3.8,12.0,22.0,15,0,,0.0,,composite_fallback,100,0.0,,4.0046,2.5573,25.7201,9.3197,0.1651,4.0046,2.5573,25.7201,9.3197,0.1651,3.56,0.7868,,,,,,1400,0.071,114.4,0,True
2026-08-12 11:59:55,15,5,H,False,394,195,4.0,5.0,15.0,15.0,6,3,100|200|400,1.4122,400,elbow,200,0.0605,F100:0.0000  F200:0.0605  F400:0.0000,0.4166,1.5145,8.2635,6.6732,0.0937,0.4589,2.1061,8.217,9.6038,0.0943,0.2751,1.1932,400,0.6083,2.9267,11.3672,12.7016,200,1.0,42.1,35,False
2026-08-12 11:59:55,15,5,V,False,394,195,4.0,5.0,15.0,15.0,15,0,,0.0,,composite_fallback,100,0.0,,6.1588,2.7659,39.0765,9.5761,0.6203,6.1588,2.7659,39.0765,9.5761,0.6203,7.249,0.5484,,,,,,1000,0.1,154.0,0,True
2026-08-12 11:59:55,15,6,H,False,173,120,4.0,5.5,15.0,15.0,6,3,100|200|400,2.0605,400,elbow,200,0.0598,F100:0.0000  F200:0.0598  F400:0.0000,0.967,2.0791,21.3853,7.133,0.3177,1.0984,2.9402,21.283,10.8271,0.2926,0.4802,0.2368,400,1.2846,4.1397,21.3853,13.0361,200,1.0,53.5,34,False
2026-08-12 11:59:55,15,6,V,False,173,120,4.0,5.5,15.0,15.0,15,0,,0.0,,composite_fallback,100,0.0,,7.1322,2.793,42.2835,11.1552,0.6885,7.1322,2.793,42.2835,11.1552,0.6885,7.296,0.5222,,,,,,1000,0.1,178.3,0,True
2026-08-12 11:59:55,15,7,H,False,847,265,4.0,5.5,15.0,20.0,8,5,100|200|400|600|800,3.2918,800,elbow,400,0.0837,F100:0.0000  F200:0.0592  F400:0.0837  F600:0.0555  F800:0.0000,0.5108,1.8005,10.6515,7.0874,0.3718,0.6924,3.6009,11.5048,13.9578,0.3572,0.338,1.2747,800,0.849,5.0923,11.5048,19.6755,400,1.0,65.5,43,False
2026-08-12 11:59:55,15,7,V,False,847,265,4.0,5.5,15.0,20.0,15,0,,0.0,,composite_fallback,100,0.0,,4.1632,3.8712,29.3492,14.9352,0.6329,4.1632,3.8712,29.3492,14.9352,0.6329,3.8134,0.9436,,,,,,1000,0.1,104.1,0,True
